Date,Open,High,Low,Close,Volume,Change
2011-01-03,14157,14433,13855,13855,76320,-0.02147044282788335
2011-01-04,13993,14020,13635,13828,94775,-0.0019487549621075573
2011-01-05,13689,14240,13634,13745,104975,-0.006002314145212573
2011-01-06,13773,13883,13552,13663,135417,-0.0059658057475445725
2011-01-07,13744,14047,13276,13442,198071,-0.016175071360608917
2011-01-10,13552,13690,13359,13580,93882,0.010266329415265618
2011-01-11,13607,13690,13139,13277,102594,-0.022312223858615643
2011-01-12,13276,13634,13276,13469,81515,0.014461098139640027
2011-01-13,13635,14075,13469,13938,174550,0.03482069938377008
2011-01-14,14020,14213,13497,13497,179305,-0.031640120533792504
2011-01-17,13550,13578,13000,13000,121756,-0.036822997703193305
2011-01-18,12863,13249,12863,12974,62074,-0.0020000000000000018
2011-01-19,13000,13193,11788,11954,563796,-0.0786187760135656
2011-01-20,12091,12505,12064,12147,160890,0.016145223356198724
2011-01-21,12230,12340,12037,12175,76665,0.002305095908454735
2011-01-24,12009,12726,12009,12616,108851,0.03622176591375781
2011-01-25,12698,12725,12119,12175,116518,-0.034955611921369645
2011-01-26,12367,12477,12230,12478,65070,0.024887063655030905
2011-01-27,12560,12780,12477,12698,109608,0.017631030613880494
2011-01-28,12726,12726,12312,12423,43840,-0.021656953851000194
2011-01-31,12311,12366,12063,12119,68542,-0.024470739756902504
2011-02-01,12008,12118,11568,11871,83601,-0.020463734631570252
2011-02-07,12064,12064,11789,11817,46277,-0.004548900682335155
2011-02-08,11760,11788,11457,11623,95141,-0.016417026318016448
2011-02-09,11458,11623,10990,11018,163084,-0.052051965929622246
2011-02-10,11017,11513,10631,11293,189783,0.024959157741876847
2011-02-11,11459,11459,10991,11239,55427,-0.004781723191357501
2011-02-14,11017,11568,10879,11541,117172,0.02687071803541241
2011-02-15,11623,11734,11100,11679,41323,0.011957369378736704
2011-02-16,11705,12449,11705,12339,145842,0.056511687644490216
2011-02-17,12422,12449,11899,12202,52754,-0.011103006726639109
2011-02-18,12119,12339,11954,12257,38974,0.004507457793804237
2011-02-21,12257,12615,11954,12423,82996,0.013543281390226092
2011-02-22,12175,12368,11651,11707,82910,-0.05763503179586249
2011-02-23,11431,11982,11431,11707,43876,0.0
2011-02-24,11706,11816,11431,11679,31994,-0.00239173144272653
2011-02-25,11486,12230,11486,12175,46525,0.04246938950252588
2011-02-28,12257,12312,11844,12175,39965,0.0
2011-03-02,12256,12283,11540,11981,68432,-0.015934291581108817
2011-03-03,11843,12228,11843,12091,35843,0.009181203572322882
2011-03-04,12257,12312,12009,12257,50650,0.01372922008105193
2011-03-07,12339,12504,11843,11954,56601,-0.024720567838785956
2011-03-08,11926,12395,11899,12285,64500,0.027689476325916118
2011-03-09,12367,12505,12119,12450,64555,0.013431013431013383
2011-03-10,12503,13550,12503,13082,258872,0.05076305220883537
2011-03-11,13083,13579,12973,13304,188033,0.016969882280996718
2011-03-14,13029,13497,12698,13222,142325,-0.006163559831629639
2011-03-15,13221,13662,12285,12781,152392,-0.033353501739525004
2011-03-16,12780,13083,12615,12891,63819,0.008606525311008584
2011-03-17,12422,12863,12367,12505,69931,-0.029943371344348768
2011-03-18,12642,13331,12366,13331,103029,0.06605357856857252
2011-03-21,13496,13551,13138,13304,77539,-0.00202535443702645
2011-03-22,13303,13385,12944,12945,84421,-0.026984365604329485
2011-03-23,12974,13387,12781,13222,101389,0.02139822325222096
2011-03-24,13221,13303,12807,12808,97103,-0.03131145061261531
2011-03-25,12973,12973,12312,12395,125910,-0.032245471580262364
2011-03-28,12312,12726,12285,12616,103907,0.017829770068576112
2011-03-29,12671,12698,12450,12616,63022,0.0
2011-03-30,12670,12973,12560,12560,81221,-0.00443880786303108
2011-03-31,12532,12752,12394,12450,121760,-0.00875796178343946
2011-04-01,12558,13164,12558,13082,168237,0.05076305220883537
2011-04-04,13221,14020,13028,14020,333514,0.07170157468277027
2011-04-05,14047,14267,13771,13992,322934,-0.0019971469329529423
2011-04-06,13910,14874,13882,14764,492863,0.055174385363064626
2011-04-07,14763,14846,14488,14736,180431,-0.0018965050121918514
2011-04-08,14846,15066,14240,14736,282941,0.0
2011-04-11,14514,14680,14239,14570,225009,-0.011264929424538495
2011-04-12,14763,14763,14212,14323,150527,-0.01695264241592309
2011-04-13,14240,14598,14047,14406,137182,0.0057948753752705695
2011-04-14,14350,14488,13882,14323,196999,-0.005761488268776871
2011-04-15,14489,15563,14489,15426,452478,0.07700900649305309
2011-04-18,15203,15506,14983,15066,320337,-0.023337222870478458
2011-04-19,14873,15148,14129,15066,291732,0.0
2011-04-20,15093,15369,14487,14598,233607,-0.031063321385902065
2011-04-21,14487,14845,14322,14350,196435,-0.016988628579257425
2011-04-22,14516,14929,14323,14764,167704,0.02885017421602787
2011-04-25,14901,15369,14570,15039,195293,0.018626388512598124
2011-04-26,15149,17243,15067,16417,855360,0.09162843274153865
2011-04-27,16913,16913,15425,15839,286185,-0.035207406956203946
2011-04-28,15865,16416,15562,15893,184181,0.003409306143064672
2011-04-29,16086,16472,15122,16390,254834,0.031271629019065106
2011-05-02,16472,16830,15701,15701,168645,-0.04203782794386823
2011-05-03,15562,15810,14846,15260,164076,-0.02808738296923763
2011-05-04,15232,15398,14599,14792,137930,-0.030668414154652712
2011-05-06,14544,15287,14186,15288,149210,0.033531638723634405
2011-05-09,15120,15313,13771,14570,230797,-0.04696493982208272
2011-05-11,14543,14873,14157,14323,157970,-0.01695264241592309
2011-05-12,14323,15149,14130,14902,132995,0.04042449207568244
2011-05-13,14929,15122,14654,14847,83826,-0.003690779761105878
2011-05-16,14846,15011,14736,14736,43519,-0.007476257829864608
2011-05-17,14707,14955,14625,14928,63146,0.013029315960912058
2011-05-18,14817,15010,14597,14928,53848,0.0
2011-05-19,14929,15590,14818,15480,227543,0.036977491961414755
2011-05-20,15645,15920,15342,15590,95387,0.007105943152454719
2011-05-23,15700,16058,15259,15480,97492,-0.007055805003207238
2011-05-24,15534,15782,15287,15590,63024,0.007105943152454719
2011-05-25,15892,16003,14488,15039,252267,-0.03534316869788323
2011-05-26,15039,15838,14846,15728,94333,0.04581421637076932
2011-05-27,15699,16140,15479,15810,69230,0.005213631739572788
2011-05-30,16030,16030,15590,15590,35154,-0.013915243516761544
2011-05-31,15480,15976,15452,15921,89347,0.021231558691468866
2011-06-01,15976,15976,15701,15839,61051,-0.0051504302493562415
2011-06-02,15423,15533,14928,14928,77124,-0.057516257339478516
2011-06-03,14985,15288,14847,14985,45544,0.003818327974276503
2011-06-07,15040,15839,15040,15426,88659,0.0294294294294295
2011-06-08,15259,15783,15149,15315,21026,-0.0071956437183975375
2011-06-09,15370,15755,15094,15618,45901,0.019784524975514195
2011-06-10,15646,15839,15233,15426,46774,-0.01229350749135616
2011-06-13,15177,15424,14405,15122,102794,-0.01970698820173733
2011-06-14,14983,15259,14901,15039,41973,-0.005488691971961335
2011-06-15,15094,15176,14543,14874,88091,-0.010971474167165374
2011-06-16,14515,14818,14267,14488,68219,-0.025951324458787117
2011-06-17,14405,14681,13717,14323,78320,-0.011388735505245773
2011-06-20,14158,14488,13993,14296,27565,-0.0018850799413531183
2011-06-21,14378,14516,14048,14048,27641,-0.01734750979294908
2011-06-22,14157,14515,13937,13965,101540,-0.005908314350797306
2011-06-23,13993,14158,13855,13911,48427,-0.0038668098818475105
2011-06-24,14020,14433,13662,14296,99734,0.027675939903673452
2011-06-27,14076,14626,14076,14076,45337,-0.015388919977616156
2011-06-28,14294,15313,14129,14515,146270,0.031187837453822143
2011-06-29,14653,14791,14377,14433,50499,-0.00564932828108855
2011-06-30,14681,14681,14240,14296,53598,-0.009492136077045688
2011-07-01,14323,14461,14076,14076,65691,-0.015388919977616156
2011-07-04,14295,14295,13717,13745,102993,-0.023515203182722377
2011-07-05,13772,14048,13552,13938,92515,0.014041469625318381
2011-07-06,14103,14296,13910,14241,60195,0.021739130434782705
2011-07-07,14268,14295,13717,13745,119713,-0.03482901481637524
2011-07-08,13742,13908,13054,13082,157001,-0.04823572208075666
2011-07-11,13001,13497,12836,13222,71682,0.010701727564592645
2011-07-12,13084,13387,13056,13112,73946,-0.008319467554076532
2011-07-13,13001,13689,13001,13607,82990,0.03775167785234901
2011-07-14,13717,13717,13331,13552,80379,-0.00404203718674212
2011-07-15,13551,14433,13551,14433,136161,0.06500885478158214
2011-07-18,14598,14625,14267,14598,125312,0.011432134691332418
2011-07-19,14322,14570,14130,14433,87570,-0.011302918207973689
2011-07-20,14709,14709,13938,13938,82056,-0.034296404073997144
2011-07-21,14046,14294,13771,14102,52933,0.011766394030707339
2011-07-22,14102,14543,13882,14433,78006,0.023471847964827708
2011-07-25,14378,14819,14130,14241,102908,-0.013302847640823123
2011-07-26,14295,14295,13607,13690,101019,-0.0386911031528685
2011-07-27,13662,13717,13221,13442,106226,-0.018115412710007273
2011-07-28,13221,13910,13111,13745,68460,0.022541288498735268
2011-07-29,13744,13965,13414,13497,35761,-0.018042924699890883
2011-08-01,13524,13607,13249,13552,91794,0.004074979625101838
2011-08-02,13717,13910,13497,13497,97146,-0.0040584415584415945
2011-08-03,13166,13194,12395,12671,90997,-0.06119878491516628
2011-08-04,12669,12807,12091,12119,78673,-0.043564043879725345
2011-08-05,11155,12670,11155,11789,116316,-0.027229969469428128
2011-08-08,11594,12255,10741,11402,111188,-0.032827211807617274
2011-08-09,10770,11211,9778,11211,129464,-0.01675144711454135
2011-08-10,11733,11733,11044,11375,99822,0.014628489876014727
2011-08-11,10575,11594,10575,11402,138634,0.0023736263736264807
2011-08-12,11788,11843,10604,10632,128316,-0.06753201192773195
2011-08-16,11073,11404,10825,11239,122004,0.05709179834461997
2011-08-17,11457,12118,11127,12091,94169,0.07580745617937534
2011-08-18,12228,12421,11870,12339,89948,0.020511123976511447
2011-08-19,11679,12203,11101,11845,110579,-0.04003565929167685
2011-08-22,11844,12284,11568,11734,80955,-0.009371042634022775
2011-08-23,11734,12505,11734,12478,54863,0.06340548832452697
2011-08-24,12395,12946,12257,12781,80402,0.024282737618207983
2011-08-25,13000,13000,12284,12560,32053,-0.017291291761208027
2011-08-26,12588,12726,12450,12616,17700,0.00445859872611476
2011-08-29,12752,12945,12642,12835,27801,0.01735890932149653
2011-08-30,12504,13221,12504,13166,60098,0.02578885858979363
2011-08-31,13332,13828,13111,13828,100353,0.05028102688743741
2011-09-01,13827,14075,13497,13938,75838,0.007954874168354165
2011-09-02,14489,14489,13387,14076,68322,0.00990099009900991
2011-09-05,13771,14597,13688,14102,98359,0.0018471156578574455
2011-09-06,14047,14102,13028,13634,74792,-0.033186782016735195
2011-09-07,13853,14047,13522,13911,51934,0.0203168549215198
2011-09-08,13934,13989,13631,13772,29407,-0.0099920925885989
2011-09-09,14184,14184,13412,13414,19431,-0.025994772001161737
2011-09-14,14181,14181,12832,12835,49881,-0.04316385865513639
2011-09-15,13080,13466,12557,12560,27517,-0.02142578885858981
2011-09-16,13189,13217,12391,12835,106849,0.021894904458598763
2011-09-19,12668,13054,12530,12781,17189,-0.0042072458122321965
2011-09-20,12942,13327,12832,13139,75602,0.02801032783037316
2011-09-21,13133,13161,12832,12835,30480,-0.023137225055179234
2011-09-22,12889,12889,12503,12781,19255,-0.0042072458122321965
2011-09-23,12556,12556,11896,12065,67296,-0.05602065566074643
2011-09-26,12393,12393,10603,11266,52941,-0.06622461665975965
2011-09-27,11645,11810,11151,11568,87575,0.026806319900585907
2011-09-28,11621,12117,11207,12119,61958,0.04763139695712315
2011-09-29,12115,12335,11841,11954,67821,-0.01361498473471412
2011-09-30,11952,12475,11952,12231,44125,0.02317215994646138
2011-10-04,11292,11785,11292,11679,33012,-0.045131223939170906
2011-10-05,11895,11950,11180,11734,31434,0.004709307303707444
2011-10-06,11841,12472,11841,12450,43561,0.06101926026930293
2011-10-07,12337,12887,12227,12423,48896,-0.0021686746987952255
2011-10-10,12226,12501,12116,12505,37382,0.0066006600660066805
2011-10-11,12613,12834,12392,12671,56187,0.013274690123950439
2011-10-12,12667,13383,12612,13331,49122,0.05208744376923691
2011-10-13,13442,13633,12971,13222,35756,-0.008176430875403207
2011-10-14,13219,13468,12944,13442,20040,0.016638935108153063
2011-10-17,13603,14236,13356,14159,97045,0.05334027674453212
2011-10-18,13823,14649,13795,14433,75006,0.019351649127763215
2011-10-19,14514,14514,14073,14296,30339,-0.009492136077045688
2011-10-20,14101,14542,13825,13938,37326,-0.0250419697817571
2011-10-21,13990,14375,13935,14185,55923,0.017721337351126465
2011-10-24,14181,14374,13823,14102,30826,-0.005851251321818851
2011-10-25,14045,14403,13935,14185,38783,0.005885689973053498
2011-10-26,14210,14456,14045,14379,29453,0.013676418752202935
2011-10-27,14485,14816,14155,14792,57455,0.02872244245079636
2011-10-28,14870,15063,13935,14213,61454,-0.039142779881016776
2011-10-31,13934,14292,13577,13718,51705,-0.034827270808414856
2011-11-01,13603,14375,13494,14130,51117,0.030033532584925027
2011-11-02,13659,14292,13549,14159,29887,0.002052370842179796
2011-11-03,13907,14291,13907,14102,11791,-0.00402570803022817
2011-11-04,14483,14539,14044,14433,27433,0.023471847964827708
2011-11-07,14346,14455,14044,14350,26494,-0.005750710178064167
2011-11-08,14404,14870,14045,14764,55854,0.02885017421602787
2011-11-09,14816,15009,14541,14654,25011,-0.00745055540503925
2011-11-10,14319,14402,13851,14350,32873,-0.020745189026886823
2011-11-11,14649,14649,14099,14488,17712,0.00961672473867603
2011-11-14,14156,14679,14156,14323,24731,-0.011388735505245773
2011-11-15,14046,14431,14046,14048,15731,-0.019199888291559053
2011-11-16,14264,14292,13687,13882,32213,-0.0118166287015945
2011-11-17,14209,14209,13714,14185,30317,0.021826826105748376
2011-11-18,14016,14099,13686,14102,20700,-0.005851251321818851
2011-11-21,14319,14319,13714,13745,18663,-0.025315558076868583
2011-11-22,13602,13740,13218,13386,37483,-0.02611858857766458
2011-11-23,13384,13384,12530,12671,44162,-0.05341401464216344
2011-11-24,12447,13107,12447,12808,11288,0.010812090600583968
2011-11-25,12805,13106,12777,12945,11605,0.010696439725171869
2011-11-28,12778,13577,12778,13580,17691,0.049053688682889174
2011-11-29,13768,13795,13440,13718,15515,0.010162002945508064
2011-11-30,14375,14375,13769,14130,40525,0.030033532584925027
2011-12-01,14348,14570,13880,13938,33764,-0.013588110403397025
2011-12-02,13825,14046,13605,13828,39775,-0.00789209355718179
2011-12-05,13851,13934,13356,13607,29298,-0.015982065374602228
2011-12-06,13604,13604,13191,13277,16581,-0.02425222312045272
2011-12-07,13441,13715,13330,13663,10466,0.029072832718234576
2011-12-08,13604,13795,13494,13772,10921,0.007977750128083105
2011-12-09,13494,14044,13494,13745,12990,-0.0019604995643334178
2011-12-12,13936,14321,13936,14296,27806,0.04008730447435438
2011-12-13,14100,14788,14100,14736,56716,0.03077783995523231
2011-12-14,14816,14980,14651,14736,29726,0.0
2011-12-15,14596,14870,14514,14847,47580,0.007532573289902311
2011-12-16,14844,15532,14844,15535,59763,0.04633932781033212
2011-12-19,15696,15751,14734,15535,97970,0.0
2011-12-20,15450,16301,15450,16002,97802,0.030061152236884547
2011-12-21,16331,17269,16113,16721,160422,0.04493188351456068
2011-12-22,16413,16769,16358,16692,43135,-0.001734346031935896
2011-12-23,16855,17021,16332,16638,43089,-0.0032350826743350325
2011-12-26,16743,16936,16358,16940,49048,0.01815122009856962
2011-12-27,16825,16962,16742,16912,43574,-0.0016528925619834212
2011-12-28,16730,16973,16670,16853,30152,-0.003488647114474941
2011-12-29,16516,16818,16065,16128,46721,-0.043019047053937
2012-01-02,16336,17211,16306,17124,102290,0.06175595238095233
2012-01-03,17514,17995,17271,17637,113524,0.029957953749124133
2012-01-04,17935,17935,17362,17516,74836,-0.006860577195668238
2012-01-05,17786,18178,17394,18120,287232,0.034482758620689724
2012-01-06,18300,18752,18118,18484,123047,0.020088300220750588
2012-01-09,18329,19083,18209,18845,114650,0.019530404674312996
2012-01-10,18902,18933,17394,18181,146945,-0.03523481029450781
2012-01-11,18481,18572,18150,18242,83832,0.003355150981794175
2012-01-12,18541,18993,18360,18936,120039,0.03804407411468036
2012-01-13,18902,19265,18209,18362,128585,-0.030312632023658637
2012-01-16,18239,18812,18058,18333,56508,-0.00157934865483067
2012-01-17,18329,18419,17937,18120,84594,-0.01161839306169199
2012-01-18,18119,18935,17998,18664,115445,0.030022075055187614
2012-01-19,18843,18843,17967,18272,101871,-0.02100300042863268
2012-01-20,18359,18570,17997,18060,60043,-0.011602451838879202
2012-01-25,18057,18117,17212,17758,137600,-0.016722037652270205
2012-01-26,17814,17936,17515,17577,33130,-0.01019258925554678
2012-01-27,17757,18210,17516,18151,63114,0.03265631222620469
2012-01-30,18148,18237,17755,18211,41695,0.0033056029970801593
2012-01-31,18449,18691,18027,18693,76033,0.026467519630992253
2012-02-01,18691,18721,18420,18514,43870,-0.009575777028834276
2012-02-02,18540,18720,18208,18543,47889,0.0015663821972560221
2012-02-03,18601,19929,18601,19782,153310,0.06681766704416758
2012-02-06,19932,19932,19146,19934,130161,0.007683752906682884
2012-02-07,19931,19931,19267,19269,46698,-0.0333600882913615
2012-02-08,19264,19264,18600,18724,78342,-0.028283771861539297
2012-02-09,18721,19113,18420,18484,61456,-0.01281777397991879
2012-02-10,18479,18871,18178,18543,64788,0.0031919497944168373
2012-02-13,18418,18598,18207,18422,36614,-0.006525373456290784
2012-02-14,18420,19325,18420,18754,102470,0.018021930300727407
2012-02-15,18844,20050,18813,19842,110566,0.058014290284739145
2012-02-16,19838,20291,19113,19600,107055,-0.012196351174276754
2012-02-17,19659,20836,19326,20658,105045,0.05397959183673473
2012-02-20,21017,21077,20202,20598,60811,-0.002904443799012446
2012-02-21,20835,20835,20232,20748,51634,0.0072822604136324465
2012-02-22,20714,21077,20354,20507,43775,-0.011615577405051036
2012-02-23,20505,21168,20232,21020,70120,0.02501584824694003
2012-02-24,21075,21075,20473,20687,49781,-0.015842055185537607
2012-02-27,20533,20713,20201,20234,43151,-0.021897810218978075
2012-02-28,19780,20867,19780,20476,46236,0.011960067213600878
2012-02-29,20745,21559,20382,21140,99417,0.03242820863449891
2012-03-02,21049,22015,21049,21745,67484,0.028618732261116442
2012-03-05,21924,22678,21742,22289,77302,0.025017245343757155
2012-03-06,22858,24096,22074,22228,173218,-0.002736775988155582
2012-03-07,22104,23583,22044,23134,133528,0.04075940255533572
2012-03-08,23313,23404,22439,22953,138785,-0.007823982017809317
2012-03-09,22950,23251,22347,22712,83581,-0.010499716812617077
2012-03-12,22496,24066,22496,23889,143015,0.05182282493835855
2012-03-13,24098,24522,23645,24524,72874,0.026581271715015342
2012-03-14,24522,25365,24251,25309,94169,0.03200946012069816
2012-03-15,25304,26270,24732,24976,120300,-0.013157374846892389
2012-03-16,24972,25847,24972,25791,101991,0.03263132607303021
2012-03-19,25908,26725,25607,25852,116430,0.0023651661432282367
2012-03-20,25669,25942,24703,25370,131533,-0.018644592294600026
2012-03-21,25365,25365,24430,24524,124351,-0.03334647221127318
2012-03-22,24549,24701,23765,24372,145328,-0.00619801011254284
2012-03-23,24373,24613,24280,24344,44263,-0.001148859346791431
2012-03-26,24401,25396,24371,25248,90256,0.037134406835359846
2012-03-27,25124,25606,24580,25097,56458,-0.005980671736375176
2012-03-28,25127,25761,24734,25762,75205,0.026497190899310574
2012-03-29,25760,26181,25428,25883,78119,0.004696840307429451
2012-03-30,26152,26727,25821,26728,89971,0.03264691109994988
2012-04-02,27145,27598,26634,26879,92702,0.005649506135887439
2012-04-03,27057,27057,26091,26517,77039,-0.013467762937609318
2012-04-04,26513,26513,25185,26245,90519,-0.01025757061507715
2012-04-05,25850,26454,25669,26245,72590,0.0
2012-04-06,25821,26544,25549,26004,38860,-0.009182701466946108
2012-04-09,26332,26694,25969,26396,64068,0.015074603907091255
2012-04-10,26455,28024,26455,27332,150458,0.03545991816941951
2012-04-12,27482,28388,27180,27453,113392,0.004427045221718107
2012-04-13,27509,28114,27299,27423,70019,-0.001092776745710844
2012-04-16,27149,28871,26577,28631,121929,0.0440506144477264
2012-04-17,28386,30197,28205,29929,156034,0.04533547553351269
2012-04-18,30109,30863,29656,30504,149272,0.019212135387082663
2012-04-19,30501,32011,30380,30564,292745,0.0019669551534224894
2012-04-20,30561,32252,30501,30927,196423,0.01187671770710641
2012-04-23,31104,31708,30561,30927,94326,0.0
2012-04-24,31285,31466,30682,30806,87891,-0.003912438969185472
2012-04-25,30803,32796,30742,32798,143977,0.06466272803999229
2012-04-26,33520,34910,32495,32860,267818,0.001890359168241984
2012-04-27,32858,34006,31710,33826,167161,0.029397443700547754
2012-04-30,34368,35334,33522,33946,189785,0.0035475669603264315
2012-05-02,34489,34549,30865,33222,225716,-0.021327991515937117
2012-05-03,33219,33761,32131,33161,184784,-0.0018361326831617397
2012-05-04,33222,34549,32798,33222,130215,0.001839510268085931
2012-05-07,32918,33281,32072,33222,76340,0.0
2012-05-08,33220,34306,33097,34309,116577,0.032719282403226746
2012-05-09,34306,35935,34064,35758,185432,0.04223381619983102
2012-05-10,36178,37264,35514,36665,270766,0.02536495329716426
2012-05-11,36661,37326,36361,36544,110529,-0.003300150006818492
2012-05-14,37022,37083,35090,35577,139113,-0.02646125218914186
2012-05-15,35274,35574,34186,35517,131417,-0.00168648284003714
2012-05-16,35149,36478,33881,34187,185259,-0.03744685643494661
2012-05-17,34489,35999,32071,35638,159004,0.04244303390177562
2012-05-18,34790,36240,34731,34914,129664,-0.020315393680902405
2012-05-21,35275,35637,34912,35638,102050,0.02073666723950285
2012-05-22,36479,37023,35695,35758,130036,0.003367192322801582
2012-05-23,35637,35938,34912,35035,115983,-0.02021925163599758
2012-05-24,35333,35817,34851,35336,97959,0.0085914085914085
2012-05-25,35817,35817,33763,33766,154603,-0.044430609010640665
2012-05-29,33039,34128,32072,33343,155451,-0.012527394420422944
2012-05-30,33764,33825,32918,33222,79121,-0.003628947605194499
2012-05-31,32975,34486,32916,33524,134330,0.00909036180844014
2012-06-01,33825,34428,32918,33222,113945,-0.009008471542775287
2012-06-04,32132,33220,31951,32860,115081,-0.010896393955812433
2012-06-05,33038,35151,33038,34490,164301,0.049604382227632415
2012-06-07,35332,35332,33763,34490,115120,0.0
2012-06-08,34610,34790,33642,33646,60568,-0.024470861119164966
2012-06-11,33823,33823,32917,33101,75226,-0.01619806217678177
2012-06-12,32736,33520,32495,32678,68393,-0.012779070118727476
2012-06-13,33222,33825,32858,33646,93413,0.029622375910398402
2012-06-14,33763,35332,33702,34430,191914,0.023301432562563118
2012-06-15,34425,34667,32614,33040,185580,-0.04037176880627358
2012-06-18,33519,33580,32796,32981,76317,-0.0017857142857142794
2012-06-19,32974,33339,32191,32738,127873,-0.007367878475485923
2012-06-20,33156,33519,32736,32981,121775,0.0074225670474676875
2012-06-21,33156,34003,32675,32798,104967,-0.005548649222279489
2012-06-22,32676,33157,32012,32618,116492,-0.005488139520702484
2012-06-25,32614,33943,32614,33463,226825,0.02590594150469072
2012-06-26,33461,36117,33401,36121,346734,0.07943101335803715
2012-06-27,36360,36722,35333,35517,221696,-0.01672157470723401
2012-06-28,35996,35996,33762,34369,166321,-0.03232254976490134
2012-06-29,34608,35574,33945,34430,116229,0.0017748552474614598
2012-07-02,34670,34972,34006,34914,72199,0.014057507987220497
2012-07-03,34971,37568,34971,37450,291583,0.07263561894941861
2012-07-04,37388,40288,36966,38538,266960,0.029052069425901106
2012-07-05,38535,40165,37630,37873,182270,-0.017255695676994143
2012-07-06,38051,39016,37386,38658,103731,0.020727167111134648
2012-07-09,38957,40044,38715,39866,119349,0.03124838325831658
2012-07-10,39925,40228,37207,38115,162007,-0.0439221391662068
2012-07-11,38536,39258,37387,39021,81746,0.023770169224714754
2012-07-12,39564,39623,38416,39323,83455,0.007739422362317727
2012-07-13,39079,39564,36784,39323,200837,0.0
2012-07-16,39502,41010,38896,40953,120899,0.041451567784757115
2012-07-17,41069,41552,40104,40530,102746,-0.010328913632700942
2012-07-18,40589,40709,39321,39444,90519,-0.02679496669133974
2012-07-19,39138,40406,38111,40410,181398,0.02449041679342856
2012-07-20,40530,41014,39804,40109,80850,-0.007448651323929689
2012-07-23,39862,40225,39320,39866,50915,-0.0060584906130793925
2012-07-24,39864,40348,38717,39323,85599,-0.013620629107510163
2012-07-25,39321,40589,39018,40289,129758,0.024565775754647357
2012-07-26,40470,40772,39322,40109,98186,-0.004467720717813761
2012-07-27,40648,40709,39259,39686,77644,-0.010546261437582638
2012-07-30,39562,40406,38957,39262,62528,-0.01068386836667845
2012-07-31,38955,39861,36904,37269,228141,-0.05076155060873111
2012-08-01,37206,39138,37146,38719,190074,0.038906329657355965
2012-08-02,38714,39197,37447,37933,85262,-0.020300111056587244
2012-08-03,37993,38656,37568,38598,62760,0.01753090976194871
2012-08-06,38897,39562,38354,39383,60150,0.020337841338929463
2012-08-07,39380,39984,39078,39262,61811,-0.003072391641063432
2012-08-08,39681,39681,38836,38839,89898,-0.010773776170342808
2012-08-09,39379,39379,37689,37812,106629,-0.02644249337006621
2012-08-10,38173,38717,37691,38538,74140,0.019200253887654783
2012-08-13,38716,39741,38112,39262,86055,0.018786652135554416
2012-08-14,39621,39621,38716,39202,45089,-0.0015281952014670752
2012-08-16,39503,40226,39018,39686,82936,0.012346308861792776
2012-08-17,39741,40225,39258,39866,71180,0.004535604495288004
2012-08-20,39802,41070,39258,39866,123931,0.0
2012-08-21,40228,40469,39322,39565,113515,-0.007550293483168602
2012-08-22,39621,43003,39621,42584,218666,0.07630481486162011
2012-08-23,42583,44273,42583,43732,229710,0.026958482058989208
2012-08-24,43546,44151,42582,42584,241827,-0.02625080032927829
2012-08-27,42644,44275,42462,42888,120041,0.007138831486004138
2012-08-28,43186,44996,43003,44396,127379,0.035161350494310684
2012-08-29,45176,45720,44092,44396,130039,0.0
2012-08-30,44392,46747,43970,46510,142111,0.047616902423641694
2012-08-31,46931,48078,46025,47780,160785,0.027305955708449847
2012-09-03,48439,48862,47414,48021,161313,0.005043951444118955
2012-09-04,48319,48319,44093,45423,256915,-0.05410133066783285
2012-09-05,45420,45721,42943,45302,175882,-0.0026638487110054454
2012-09-06,45299,45299,43609,44095,147291,-0.026643415301752627
2012-09-07,44573,45237,43729,44940,161027,0.019163170427486165
2012-09-10,45240,46206,44879,45484,112519,0.012105028927458905
2012-09-11,45905,48140,45604,47961,220635,0.054458710755430406
2012-09-12,48017,48620,47171,48141,116950,0.003753049352599014
2012-09-13,48381,49345,47595,48564,91765,0.00878668910076641
2012-09-14,47897,48502,45058,45363,318987,-0.06591302199159876
2012-09-17,45842,46989,45602,46329,183907,0.021294887904239168
2012-09-18,46388,47595,46328,47055,123799,0.015670530337369648
2012-09-19,46990,47896,46507,47477,102425,0.00896822866857927
2012-09-20,47958,48562,46628,47236,185760,-0.005076142131979711
2012-09-21,47657,50073,47657,49653,287669,0.051168600220171
2012-09-24,50495,53394,50314,53337,281463,0.07419491269409706
2012-09-25,54420,54420,50859,51343,246557,-0.037384929786077215
2012-09-26,50737,51401,49408,51343,114191,0.0
2012-09-27,50919,53212,50737,52914,162104,0.03059813411760115
2012-09-28,52913,54485,51645,54485,146990,0.029689685149487888
2012-10-02,53517,55512,53517,54485,83779,0.0
2012-10-04,55146,57983,54542,57323,171359,0.052087730568046275
2012-10-05,57924,60097,56837,58592,152584,0.0221377108664933
2012-10-08,58650,60400,58045,58955,142352,0.0061953850354996565
2012-10-09,59313,59435,57985,58532,68603,-0.007174963955559277
2012-10-10,58528,58528,56657,56900,99775,-0.02788218410442156
2012-10-11,56296,59377,56296,58231,105832,0.023391915641476357
2012-10-12,58229,59617,57624,59257,65808,0.01761948103243971
2012-10-15,59192,59736,58167,58471,111119,-0.01326425569974854
2012-10-16,58470,59254,55810,58955,186360,0.008277607702963818
2012-10-17,59614,59675,58106,59135,103548,0.0030531761513017397
2012-10-18,59191,59191,54482,55269,213840,-0.06537583495391897
2012-10-19,55628,56838,50132,53095,332027,-0.039334889359315395
2012-10-22,52913,56777,50738,56479,131600,0.06373481495432709
2012-10-23,56775,57440,54723,56417,150483,-0.001097753147187408
2012-10-24,55267,56714,54783,55751,105736,-0.011804952407962088
2012-10-25,56052,57018,52972,53337,153906,-0.04329967175476668
2012-10-26,53456,55146,52609,53519,106622,0.003412265406753212
2012-10-29,54239,54359,51703,52551,118908,-0.018087034511108158
2012-10-30,52065,55025,51944,55028,75413,0.047135163935986046
2012-10-31,55568,56353,53999,54847,81586,-0.0032892345714908844
2012-11-01,55510,57200,54604,56176,150938,0.024231042718836138
2012-11-02,57200,57924,55992,56357,87236,0.0032220165195100403
2012-11-05,56352,56655,55085,55813,59732,-0.009652749436627195
2012-11-06,55931,56656,54664,54847,57800,-0.017307795674842752
2012-11-07,54843,56172,54843,54908,65121,0.0011121848050030803
2012-11-08,54241,55509,54180,54665,45716,-0.0044255846142639
2012-11-09,54059,54902,52728,54908,125585,0.00444525747736213
2012-11-12,54903,56113,54180,56116,69426,0.022000437094776615
2012-11-13,56594,57138,55025,55330,58494,-0.014006700406301253
2012-11-14,55749,55749,53515,54908,80675,-0.007626965479848202
2012-11-15,53695,54359,47353,52007,270846,-0.052833831135717935
2012-11-16,52005,52911,48199,49833,181733,-0.04180206510662021
2012-11-19,50919,51885,49529,51887,93138,0.04121766700780616
2012-11-20,51944,53091,50980,51404,38550,-0.009308690037967082
2012-11-21,51643,53212,50314,50740,83538,-0.012917282701735311
2012-11-22,50918,51400,50254,50256,43784,-0.009538825384312166
2012-11-23,50495,51764,50314,51404,43654,0.022843043616682657
2012-11-26,51644,51705,50376,50438,37489,-0.01879231188234376
2012-11-27,50131,50434,48864,49048,64754,-0.027558586779808825
2012-11-28,48503,49227,46629,47297,100701,-0.03569972272060018
2012-11-29,47838,50555,47112,50075,139977,0.05873522633570838
2012-11-30,49348,52068,49290,51465,89777,0.027758362456315577
2012-12-03,51703,51944,48925,49048,140009,-0.04696395608666082
2012-12-04,49046,49649,48382,49411,85424,0.007400913390964048
2012-12-05,49409,49651,45905,46934,224987,-0.05013053773451259
2012-12-06,46326,46929,41313,41437,510390,-0.1171219158818767
2012-12-07,41435,43247,41376,43068,237051,0.03936095759828162
2012-12-10,43245,44332,42823,43370,95951,0.007012166805981268
2012-12-11,42945,43189,41315,41498,146346,-0.043163477057874156
2012-12-12,41375,43971,40407,43792,127367,0.05527977251915761
2012-12-13,45000,47294,44698,45606,267233,0.04142309097552066
2012-12-14,46206,49224,45903,48927,245958,0.07281936587291149
2012-12-17,49527,49586,46327,48081,114911,-0.01729106628242072
2012-12-18,48623,52488,47112,52491,317006,0.09172022212516384
2012-12-20,52490,53033,50860,51585,196423,-0.01726010173172543
2012-12-21,53091,53212,47111,47115,297009,-0.08665309683047395
2012-12-24,47112,51218,47112,50256,156260,0.06666666666666665
2012-12-26,50736,51521,49529,50317,69770,0.0012137854186564656
2012-12-27,52170,53560,51971,52504,47482,0.04346443547906276
2012-12-28,52038,53628,51177,52306,72561,-0.0037711412463812266
2013-01-02,52567,54488,52567,52569,69770,0.005028103850418741
2013-01-03,52633,52832,49120,49521,202311,-0.05798093933687154
2013-01-04,48855,50579,48855,49587,112626,0.0013327679166414974
2013-01-07,49586,50711,48989,50184,75963,0.012039445822493722
2013-01-08,49715,50444,49516,49719,67824,-0.009265901482544248
2013-01-09,49851,51706,49717,51576,86375,0.037349906474386074
2013-01-10,52038,52899,51641,52438,100695,0.016713199937955725
2013-01-11,52434,53297,51442,51841,76235,-0.011384873564971976
2013-01-14,52370,54690,51972,54692,143040,0.05499508111340434
2013-01-15,54888,56280,52900,52969,149603,-0.03150369341037085
2013-01-16,53693,54423,52700,52902,73106,-0.0012648907851762203
2013-01-17,52700,53362,51109,52438,76692,-0.008770934936297325
2013-01-18,52569,53960,52435,53697,60529,0.02400930622830777
2013-01-21,53562,54625,52769,54096,64758,0.007430582714118117
2013-01-22,53827,54623,53232,53233,43689,-0.015953120378586205
2013-01-23,53031,53561,51442,51576,114541,-0.031127308248642738
2013-01-24,51640,52037,50712,51179,57534,-0.007697378625717399
2013-01-25,51706,52170,50646,50780,41960,-0.007796166396373483
2013-01-28,50315,50382,48459,48527,93607,-0.04436786136274129
2013-01-29,48990,50780,48657,50582,67997,0.042347559090815334
2013-01-30,50578,51107,49386,49521,52729,-0.020975841208334955
2013-01-31,49122,50382,49122,50384,25715,0.017426950182750645
2013-02-01,50049,50976,49716,50117,35943,-0.005299301365512821
2013-02-04,50114,50909,49518,49852,49944,-0.005287626952930169
2013-02-05,49849,50246,48789,49123,43451,-0.01462328492337317
2013-02-06,48923,50711,48591,49786,81868,0.013496732691407276
2013-02-07,49386,49716,45343,46007,400887,-0.07590487285582292
2013-02-08,46401,46734,44745,44946,172621,-0.023061708000956416
2013-02-12,45010,46137,45010,45477,69837,0.01181417701241494
2013-02-13,45342,46004,45342,45609,46813,0.0029025661323305307
2013-02-14,46070,46070,44546,45080,115026,-0.011598587997982857
2013-02-15,46005,47661,45541,47664,153862,0.05732031943212057
2013-02-18,47990,47990,47131,47465,50030,-0.004175058744545157
2013-02-19,47463,48524,47463,48195,56250,0.015379753502580806
2013-02-20,48059,48325,47332,47532,126402,-0.013756613756613745
2013-02-21,46999,47597,45608,46074,147425,-0.030674072203988878
2013-02-22,47197,47262,45474,45742,99063,-0.007205799366236887
2013-02-25,45740,46799,45740,46206,55548,0.010143850290761147
2013-02-26,46005,47064,44812,44815,98530,-0.030104315456867092
2013-02-27,45209,47597,44812,47598,155472,0.06209974338949009
2013-02-28,48390,48523,46933,48062,154228,0.00974830875246857
2013-03-04,47730,48259,46602,48129,121647,0.0013940327077524017
2013-03-05,48325,50844,47661,50846,240061,0.05645245070539584
2013-03-06,51110,53696,50315,53035,303141,0.04305156747826766
2013-03-07,52768,53695,52304,52835,115153,-0.0037710945601960866
2013-03-08,53298,54755,52834,54162,124844,0.02511592694236775
2013-03-11,54360,54360,52436,53367,118516,-0.014678187659244446
2013-03-12,53296,53893,49783,50117,262646,-0.06089905746997204
2013-03-13,49386,52036,48922,50117,237641,0.0
2013-03-14,49785,51443,49717,51245,82966,0.022507332841151806
2013-03-15,51907,53033,51376,53035,138833,0.03493023709630205
2013-03-18,53230,53230,51374,51377,78991,-0.03126237390402564
2013-03-19,51772,54092,51772,53565,135332,0.042587149891974985
2013-03-20,53497,57938,53298,56283,319657,0.050742089050686
2013-03-21,56612,58201,55617,57609,189748,0.02355951175310489
2013-03-22,57540,57938,55883,55886,121870,-0.02990852123800103
2013-03-25,55883,57806,55222,57477,110202,0.028468668360591254
2013-03-26,57474,57804,54756,54891,102793,-0.0449919098074012
2013-03-27,55153,57803,55021,57078,126129,0.03984259714707328
2013-03-28,57076,57738,56545,57543,70097,0.008146746557342599
2013-03-29,57938,57938,56216,57013,63321,-0.009210503449594176
2013-04-01,57140,57207,54888,55355,84592,-0.029081086769684128
2013-04-02,55352,57141,54624,56018,225819,0.011977237828561194
2013-04-03,55749,56080,53363,54029,176810,-0.035506444357170874
2013-04-04,54026,54954,53032,53233,134031,-0.014732828666086717
2013-04-05,53231,53231,46006,48262,749216,-0.09338192474592832
2013-04-08,48059,49915,46138,46206,230665,-0.04260080394513277
2013-04-09,46934,47729,45940,47532,174384,0.028697571743929284
2013-04-10,47729,49451,47529,48460,148712,0.019523689304047798
2013-04-11,48723,50114,48457,50117,235981,0.034193148988856725
2013-04-12,49452,49982,46602,46935,239170,-0.06349143005367441
2013-04-15,46401,46866,42956,43819,363952,-0.06638968786619792
2013-04-16,43620,45344,43090,45345,175261,0.034825075880325906
2013-04-17,45344,45410,42956,43157,214419,-0.048252288014113964
2013-04-18,42160,43949,41629,42891,158432,-0.006163542414903689
2013-04-19,43088,43287,40502,40903,207179,-0.04635005012706628
2013-04-22,40899,42291,40899,42295,124532,0.03403173361367129
2013-04-23,42028,42822,41563,42229,77710,-0.001560468140442084
2013-04-24,42623,42955,42093,42427,173736,0.004688721021099296
2013-04-25,42290,42290,41098,41101,155758,-0.03125368279633256
2013-04-26,41033,41098,38780,40240,367000,-0.020948395416169885
2013-04-29,39906,41298,39641,40704,159550,0.01153081510934384
2013-04-30,40898,41164,39838,39842,131805,-0.021177279874213806
2013-05-02,39574,40700,39574,40372,117083,0.013302545052959136
2013-05-03,40239,40570,39376,40174,109248,-0.0049043891806201945
2013-05-06,40437,42427,40371,41765,278066,0.039602728132623
2013-05-07,41697,42427,41300,41765,154973,0.0
2013-05-08,40435,40766,35529,35533,1186220,-0.14921585059260145
2013-05-09,33144,33739,31851,32947,1308342,-0.07277741817465455
2013-05-10,33010,33607,32215,32416,509784,-0.016116793638267568
2013-05-13,32479,32876,32314,32416,292735,0.0
2013-05-14,32181,32579,31088,31886,442446,-0.01634995064165845
2013-05-15,32050,32646,32050,32317,234868,0.013516903970394623
2013-05-16,32051,32845,32018,32616,273521,0.009252096419841038
2013-05-20,32946,33474,32581,33013,250724,0.012171940152072569
2013-05-21,33209,33473,32679,32847,164840,-0.0050283221761124874
2013-05-22,32876,33043,32348,32582,135025,-0.008067707857642992
2013-05-23,32581,32911,32349,32616,133515,0.001043520962494604
2013-05-24,32613,32945,32381,32549,183717,-0.0020542065244052443
2013-05-27,32414,32779,31851,31854,168335,-0.0213524225014593
2013-05-28,31849,31982,31354,31489,234978,-0.011458529541030993
2013-05-29,31782,32248,31419,31489,146901,0.0
2013-05-30,31354,31883,30858,30892,141139,-0.018959001556098976
2013-05-31,30958,31157,30294,30329,200047,-0.01822478311536968
2013-06-03,30060,30558,28736,28738,265262,-0.05245804345675753
2013-06-04,28768,29529,28768,29068,339717,0.01148305379636727
2013-06-05,28834,29032,26514,27411,435630,-0.057004265859364245
2013-06-07,27242,27838,26613,27544,183762,0.004852066688555645
2013-06-10,27377,28306,27112,28241,124884,0.02530496659889625
2013-06-11,28007,29365,27874,28274,200610,0.0011685138628234615
2013-06-12,28204,28269,27342,27544,105179,-0.025818773431421138
2013-06-13,27440,27706,26778,27212,100292,-0.01205344176590184
2013-06-14,27310,28436,27277,28340,185750,0.04145230045568127
2013-06-17,28502,29364,27608,27743,155199,-0.02106563161609032
2013-06-18,27708,28006,27078,27710,111233,-0.0011894892405291957
2013-06-19,27707,27707,26713,27014,125432,-0.025117286178275022
2013-06-20,26481,26746,25786,25854,168094,-0.04294069741615458
2013-06-21,25419,25584,24856,24992,167111,-0.03334106908021972
2013-06-24,25190,25787,24527,24528,85770,-0.018565941101152394
2013-06-25,23864,25024,23432,23633,149627,-0.036488910632746285
2013-06-26,24063,24261,23067,23434,124321,-0.008420429061058665
2013-06-27,23864,26947,23831,26551,328434,0.13301186310489044
2013-06-28,26880,27675,26515,26849,206236,0.011223682723814576
2013-07-01,26846,30092,26846,28207,467892,0.05057916495958881
2013-07-02,28438,28704,27377,27976,137707,-0.008189456517885607
2013-07-03,28171,29662,27541,27544,245650,-0.015441807263368634
2013-07-04,27541,28767,27475,27875,163894,0.01201713621841427
2013-07-05,28138,28469,27243,27378,100571,-0.017829596412556104
2013-07-08,27442,28038,26978,27776,82094,0.014537219665424761
2013-07-09,27906,28304,27243,27445,81306,-0.011916762672811054
2013-07-10,27411,27708,26848,26849,61597,-0.02171615959191109
2013-07-11,26947,28371,26947,28241,172092,0.051845506350329584
2013-07-12,27839,28469,27708,27710,93470,-0.01880245033816086
2013-07-15,27076,27109,25453,26119,232527,-0.05741609527246483
2013-07-16,26181,26612,25884,25953,81337,-0.006355526628125108
2013-07-17,26184,26350,25787,25987,74096,0.0013100604939699778
2013-07-18,25983,26249,25123,25291,136835,-0.026782622080270935
2013-07-19,25256,25685,25222,25257,73751,-0.0013443517456802612
2013-07-22,25320,25783,25187,25620,81943,0.014372253236726529
2013-07-23,25618,25718,25420,25456,77589,-0.006401249024199807
2013-07-24,25455,25820,25323,25722,66833,0.010449402891263393
2013-07-25,25586,26382,25520,26020,87091,0.011585413264909361
2013-07-26,26016,26016,25453,25456,86857,-0.021675634127594212
2013-07-29,25188,25354,24625,24694,81614,-0.029934003771213025
2013-07-30,24857,25088,24692,24959,55393,0.010731351745363327
2013-07-31,25056,25056,24493,24660,70934,-0.011979646620457585
2013-08-01,24791,25519,24559,25257,156570,0.024209245742092378
2013-08-02,25321,25883,24856,25555,116519,0.011798709268717511
2013-08-05,25254,25882,25254,25620,73246,0.002543533555077193
2013-08-06,25684,25784,25155,25456,69359,-0.006401249024199807
2013-08-07,25387,26115,25156,25854,100061,0.015634820867379107
2013-08-08,26083,27640,25950,27345,316576,0.057669993037827716
2013-08-09,27641,27839,26581,26583,170049,-0.027866154690071365
2013-08-12,26384,26780,25787,26782,121655,0.007485987285106965
2013-08-13,26779,27707,25322,27147,390885,0.013628556493167077
2013-08-14,27344,27543,26515,26915,249745,-0.008546064021807243
2013-08-16,26316,28173,26316,28174,182283,0.04677689020992015
2013-08-19,28237,28270,27410,27411,133916,-0.02708170653794273
2013-08-20,27640,28005,26646,26748,180344,-0.024187370033928013
2013-08-21,27212,27212,26284,26484,115290,-0.009869896814715173
2013-08-22,25518,26082,25022,25025,139721,-0.05508986557921769
2013-08-23,25420,25519,25189,25191,69447,0.006633366633366666
2013-08-26,25188,25321,24228,24462,214394,-0.02893890675241162
2013-08-27,24459,24757,23597,23766,125610,-0.028452293352955627
2013-08-28,23166,23530,23166,23367,99970,-0.016788689724816952
2013-08-29,23395,23761,22933,23201,134009,-0.007104035605768777
2013-08-30,23201,23532,23101,23170,64461,-0.0013361493039093508
2013-09-02,23067,23996,23067,23997,134798,0.03569270608545527
2013-09-03,24194,24326,23796,23831,94525,-0.006917531358086482
2013-09-04,23995,24491,23531,24395,94043,0.02366665267928325
2013-09-05,24527,24626,24130,24230,55103,-0.006763681082188944
2013-09-06,24626,24626,23533,23533,81906,-0.028765992571192722
2013-09-09,23398,23895,23366,23567,78702,0.001444779671100127
2013-09-10,23764,24460,23697,24462,82723,0.03797683201086266
2013-09-11,24691,25419,24293,25390,141260,0.037936391137274095
2013-09-12,25452,25649,24987,25521,110595,0.005159511618747503
2013-09-13,25751,27076,25619,26417,270043,0.035108342149602345
2013-09-16,26681,26947,26184,26551,120597,0.005072491198849116
2013-09-17,26115,26845,26017,26516,76851,-0.0013182177695755248
2013-09-23,26514,27475,26514,27411,99406,0.03375320561170625
2013-09-24,27442,27674,26713,26981,82515,-0.015687132902849177
2013-09-25,26979,27477,26284,26815,88383,-0.006152477669471135
2013-09-26,26813,27409,26747,27014,45901,0.007421219466716478
2013-09-27,27509,27873,27277,27378,131012,0.013474494706448459
2013-09-30,27609,28072,27510,27677,141529,0.010921177587844166
2013-10-01,27608,27608,25852,25854,213704,-0.0658669653502909
2013-10-02,26184,26947,26184,26782,159588,0.035893865552719006
2013-10-04,26515,26582,25653,25722,160460,-0.03957882159659476
2013-10-07,25820,25920,24030,24031,260104,-0.06574138869450274
2013-10-08,24063,24594,23533,24031,168622,0.0
2013-10-10,24126,24423,23198,23201,153290,-0.03453872081894216
2013-10-11,23497,23696,23067,23136,163004,-0.0028016033791646855
2013-10-14,23197,23330,22600,22704,122985,-0.018672199170124526
2013-10-15,22834,23198,22834,23003,80220,0.013169485553206517
2013-10-16,22900,23430,22868,23069,66623,0.0028691909750901967
2013-10-17,23332,23365,21278,21313,295594,-0.07611946768390476
2013-10-18,20615,21607,20284,21446,190400,0.0062403228076761685
2013-10-21,21609,21643,20881,21081,136267,-0.017019490814137783
2013-10-22,20912,21409,20448,20550,142832,-0.025188558417532425
2013-10-23,20613,21110,20348,20450,184707,-0.0048661800486617945
2013-10-24,20748,21777,20748,21777,407857,0.06488997555012221
2013-10-25,21707,21707,20946,21279,159622,-0.022868163658906204
2013-10-28,21045,21575,21045,21446,90100,0.007848113163212656
2013-10-29,21375,21375,20978,20981,88746,-0.021682365009792037
2013-10-30,21011,21011,20547,20749,94117,-0.011057623564177166
2013-10-31,20680,20977,20614,20682,81932,-0.003229071280543616
2013-11-01,20680,20812,20316,20319,104957,-0.017551494052799543
2013-11-04,20382,20382,19553,19622,189354,-0.0343028692356907
2013-11-05,19620,19818,19422,19622,128915,0.0
2013-11-06,19885,19885,18957,19025,168920,-0.030425033126083023
2013-11-07,18757,18889,17962,17998,206229,-0.05398160315374512
2013-11-08,17929,19486,17696,17964,525922,-0.0018890987887543176
2013-11-11,18195,18857,17398,18760,336174,0.04431084391004236
2013-11-12,18493,19155,18261,19125,137989,0.0194562899786781
2013-11-13,19122,20314,19122,20152,353285,0.053699346405228665
2013-11-14,19952,20947,19688,20484,229995,0.016474791583961812
2013-11-15,20415,21242,20415,20682,211653,0.009666080843585334
2013-11-18,21043,21376,20482,20782,83882,0.004835122328594954
2013-11-19,20778,21872,20778,21212,216422,0.02069098258107971
2013-11-20,21377,22072,19819,21942,199840,0.03441448236847067
2013-11-21,22072,22072,21278,21446,84456,-0.02260504967641963
2013-11-22,21643,21643,20847,21379,150970,-0.0031241257110883325
2013-11-25,21244,22735,21244,22638,172608,0.05888956452593663
2013-11-26,22637,23000,22372,22837,116922,0.008790529198692498
2013-11-27,22870,23134,22273,22274,127570,-0.024652975434601765
2013-11-28,22304,23066,22304,22506,85243,0.010415731345963852
2013-11-29,22702,23795,22570,23136,250845,0.02799253532391366
2013-12-02,23132,23531,22537,22672,113020,-0.020055325034578186
2013-12-03,22502,22502,21608,22075,162528,-0.02633203952011287
2013-12-04,22070,22335,21772,22107,70733,0.0014496036240090326
2013-12-05,21905,22270,21542,22009,64419,-0.004432985027366887
2013-12-06,22007,22273,21743,21777,43666,-0.010541142259984593
2013-12-09,22072,22171,21013,21313,118972,-0.021306883409101363
2013-12-10,21110,21276,20680,21047,103202,-0.012480645615352115
2013-12-11,21078,21143,20548,20583,84236,-0.02204589727752171
2013-12-12,20217,21014,20217,20617,84447,0.0016518486129331045
2013-12-13,20614,20713,19454,19821,190718,-0.0386089149730805
2013-12-16,19985,19985,19024,19025,92706,-0.0401594268704909
2013-12-17,19153,19351,18856,18958,91297,-0.003521681997371906
2013-12-18,18889,20148,18525,19854,115357,0.04726236944825413
2013-12-19,20019,20583,19554,19887,112212,0.0016621335750981459
2013-12-20,20119,20185,19820,19887,42562,0.0
2013-12-23,20215,20480,19885,20384,48569,0.024991200281591075
2013-12-24,20248,21110,20248,21014,73286,0.030906593406593297
2013-12-26,20945,21111,20681,20882,90436,-0.006281526601313425
2013-12-27,21208,22443,20880,22337,94499,0.06967723398141934
2013-12-30,21972,22589,21972,22046,50952,-0.013027711868200731
2014-01-02,22043,22188,21024,21027,89279,-0.0462215367867187
2014-01-03,21097,21169,20443,20881,76229,-0.006943453654824738
2014-01-06,20952,20952,20225,20554,92147,-0.01566016953211058
2014-01-07,20188,21170,20152,20845,76281,0.0141578281599688
2014-01-08,20881,21100,20262,20373,102919,-0.022643319740945023
2014-01-09,20371,20552,19970,20409,86802,0.0017670446178765786
2014-01-10,20406,20733,19934,20009,82771,-0.019599196432946275
2014-01-13,20006,20187,19389,19390,149429,-0.030936078764555952
2014-01-14,19497,21169,19497,20954,274967,0.08066013408973705
2014-01-15,21170,21280,20407,21100,102431,0.006967643409372837
2014-01-16,20879,21388,20515,21390,182564,0.013744075829383862
2014-01-17,21570,21643,21171,21500,133523,0.00514258999532502
2014-01-20,21425,21679,21025,21318,86957,-0.008465116279069762
2014-01-21,21208,21570,21135,21282,79609,-0.0016887137630171578
2014-01-22,21242,21242,20879,21208,67410,-0.0034771168123296503
2014-01-23,21245,21354,20372,20373,124505,-0.03937193511882309
2014-01-24,20151,20697,20007,20009,74454,-0.017866784469641184
2014-01-27,19641,19677,19170,19353,131101,-0.0327852466390125
2014-01-28,19352,19715,19061,19171,85846,-0.009404226734873178
2014-01-29,19387,19676,19278,19535,83602,0.01898701163215266
2014-02-03,19460,19642,19061,19135,54738,-0.020476068594829755
2014-02-04,18915,18986,18515,18916,74081,-0.011444996080480774
2014-02-05,19062,19135,18480,18517,115307,-0.021093254387819838
2014-02-06,18514,18732,18041,18080,112605,-0.02359993519468595
2014-02-07,18222,19531,18222,19535,185224,0.08047566371681425
2014-02-10,19532,20588,19532,20590,213459,0.05400563091886368
2014-02-11,20697,20697,19789,20118,129101,-0.0229237493929092
2014-02-12,20152,21207,20116,20772,193996,0.032508201610498055
2014-02-13,20626,20991,20517,20664,54677,-0.005199306759098743
2014-02-14,20843,21606,20697,20881,149582,0.010501355013550207
2014-02-17,20954,21427,20808,20991,87603,0.005267946937407286
2014-02-18,21171,21352,20807,21246,71317,0.012148063455766689
2014-02-19,21097,21351,20806,20954,68198,-0.013743763531958941
2014-02-20,20553,21934,20553,21864,152601,0.043428462346091434
2014-02-21,21899,22881,21499,22883,316447,0.04660629345042078
2014-02-24,23062,23571,22117,22337,263751,-0.0238605078005506
2014-02-25,22189,22953,21825,22955,222745,0.027667099431436526
2014-02-26,23137,24193,23101,24121,412341,0.0507950337617078
2014-02-27,24190,24372,23717,24011,189737,-0.0045603416110443495
2014-02-28,24227,25752,24190,24919,327708,0.037816000999541854
2014-03-03,24953,25570,24479,25465,193545,0.021910991612825503
2014-03-04,25137,25682,24154,24520,222987,-0.037109758492047895
2014-03-05,24735,24880,23825,23938,234243,-0.023735725938009766
2014-03-06,23973,24881,23608,24847,279429,0.03797309716768327
2014-03-07,25208,25244,24191,24193,121000,-0.0263210850404475
2014-03-10,24228,24772,24191,24374,98364,0.007481502914066018
2014-03-11,24228,25317,23935,25102,166635,0.029867892016082642
2014-03-12,25245,26482,25064,25794,441215,0.027567524500039742
2014-03-13,25938,26011,24629,24884,290462,-0.03527952236954335
2014-03-14,24663,25063,24045,24374,157045,-0.020495097251245764
2014-03-17,24592,24810,23901,24447,100257,0.0029949946664478144
2014-03-18,24662,25243,24081,24083,152752,-0.014889352476786466
2014-03-19,24373,24954,23973,24374,110977,0.012083212224390572
2014-03-20,24445,24881,23863,24011,83548,-0.014892918683843459
2014-03-21,24152,24407,23171,23173,149185,-0.03490067052600887
2014-03-24,23279,23861,22844,23100,92590,-0.0031502179260346486
2014-03-25,23026,23570,23026,23428,73701,0.0141991341991341
2014-03-26,23499,23972,23499,23756,82410,0.014000341471743116
2014-03-27,23498,23789,22735,23028,95744,-0.030644889712072687
2014-03-28,23101,24302,22955,24229,128793,0.05215389960048644
2014-03-31,24152,24479,23535,23865,91568,-0.015023319162986493
2014-04-01,23862,24300,23390,23647,124806,-0.009134716111460328
2014-04-02,23570,23971,23135,23173,127729,-0.02004482598215418
2014-04-03,23280,23753,22808,22919,128075,-0.010961032235791701
2014-04-04,23136,23680,22954,23465,100239,0.02382302892796373
2014-04-07,23714,23787,22916,23064,112877,-0.01708928190922654
2014-04-08,23173,23571,23063,23392,75684,0.014221297259798815
2014-04-09,23424,23606,22844,22955,108393,-0.018681600547195587
2014-04-10,23172,24153,22953,24156,196512,0.05231975604443484
2014-04-11,23862,24300,23645,23647,131251,-0.021071369432025144
2014-04-14,23497,24007,22771,22991,252571,-0.027741362540702807
2014-04-15,23279,23424,22989,23100,148475,0.00474098560306202
2014-04-16,22917,22953,22263,22555,241024,-0.02359307359307361
2014-04-17,22699,22844,22263,22555,127869,0.0
2014-04-18,22843,22916,22371,22518,84132,-0.0016404344934604076
2014-04-21,22734,22734,22299,22373,73836,-0.006439293010036429
2014-04-22,22553,22918,22444,22919,100338,0.02440441603718768
2014-04-23,22880,23026,22553,22555,71345,-0.01588201928530908
2014-04-24,22370,22479,21788,21791,112671,-0.0338727554865883
2014-04-25,21825,22152,21099,21100,109035,-0.031710339130833876
2014-04-28,20918,21718,20881,21646,57698,0.025876777251184757
2014-04-29,21570,21607,21389,21464,33421,-0.008408019957497959
2014-04-30,21787,22442,21460,21536,105893,0.003354453969437232
2014-05-02,21460,21787,21316,21536,48152,0.0
2014-05-07,21427,21572,20372,20445,110708,-0.050659361069836595
2014-05-08,20443,20479,19571,19609,117385,-0.04089019320127174
2014-05-09,19607,20699,19607,20264,112264,0.033403029221275915
2014-05-12,20043,20806,20043,20554,79788,0.014311093564942645
2014-05-13,20479,20770,20370,20590,64335,0.0017514838960785983
2014-05-14,20406,20843,19097,19244,294559,-0.06537153958232156
2014-05-15,19133,19243,18588,18953,170779,-0.015121596341716947
2014-05-16,18660,18986,18660,18771,122737,-0.009602701419300419
2014-05-19,18695,18768,17277,17352,383056,-0.07559533322678602
2014-05-20,17276,17349,16294,16879,242311,-0.027259105578607667
2014-05-21,16880,17279,16661,16662,170012,-0.012856211860892253
2014-05-22,16696,17096,16696,16807,118154,0.008702436682270998
2014-05-23,16806,17242,16806,16916,86750,0.006485392991015582
2014-05-26,16950,16987,16150,16153,180487,-0.045105225821707284
2014-05-27,16185,16584,16075,16297,113194,0.008914752677521287
2014-05-28,16550,16550,16223,16261,63773,-0.002208995520648016
2014-05-29,16259,16294,15750,15898,113295,-0.022323350347457138
2014-05-30,16004,16222,15496,15497,126954,-0.025223298528116778
2014-06-02,15350,15895,15314,15461,141692,-0.002323030263921999
2014-06-03,15497,15715,14551,14661,258098,-0.05174309553069012
2014-06-05,14548,14657,13603,13969,312486,-0.047200054566537086
2014-06-09,13748,14329,13675,13751,227090,-0.015605984680363671
2014-06-10,13786,14003,13713,13860,140165,0.007926696240273534
2014-06-11,13930,14512,13858,13969,224919,0.007864357864357796
2014-06-12,13965,14329,13639,13751,138106,-0.015605984680363671
2014-06-13,13786,13966,13676,13787,104275,0.0026179914188058095
2014-06-16,13894,14257,13859,14188,147369,0.02908537027634739
2014-06-17,14111,14220,13858,13896,129219,-0.02058077248378909
2014-06-18,13931,14330,13749,14297,135052,0.028857225100748396
2014-06-19,14477,16405,14440,16407,1322198,0.14758340910680556
2014-06-20,16512,16986,15640,15861,1069751,-0.03327847869811662
2014-06-23,15931,15967,15241,15279,404179,-0.03669377718933231
2014-06-24,15424,17207,15424,16589,1417121,0.08573859545781781
2014-06-25,16805,17423,16295,16407,600042,-0.010971125444571683
2014-06-26,16513,17059,16223,16407,297560,0.0
2014-06-27,16551,17495,16442,17025,630684,0.03766684951545063
2014-06-30,17316,17859,16988,17717,602153,0.04064610866372975
2014-07-01,17533,17932,17316,17717,432601,0.0
2014-07-02,17861,17861,17462,17462,286067,-0.014392955918044792
2014-07-03,17276,17459,16731,16952,415294,-0.029206276486084093
2014-07-04,17168,17423,16623,16770,344875,-0.010736196319018454
2014-07-07,16694,16767,16041,16225,327154,-0.03249850924269526
2014-07-08,16296,16880,16078,16589,398250,0.02243451463790458
2014-07-09,16333,16950,16077,16625,363452,0.0021701127252999886
2014-07-10,16806,18005,16769,17644,1038508,0.06129323308270673
2014-07-11,17641,20186,17350,19644,1572953,0.11335298118340509
2014-07-14,19716,21607,19207,20009,1881174,0.01858073712074937
2014-07-15,20006,21316,19134,19244,1075923,-0.03823279524214107
2014-07-16,19389,20225,18551,20227,794872,0.05108085637081694
2014-07-17,20732,21060,20078,20153,802749,-0.0036584762940623516
2014-07-18,20151,20588,19498,19682,473348,-0.02337121024165134
2014-07-21,19352,19678,18297,18734,846098,-0.0481658368052027
2014-07-22,19061,19570,18807,19062,449953,0.01750827372691366
2014-07-23,20333,21898,19280,19281,2863934,0.01148882593641809
2014-07-24,19605,20514,19279,19972,765369,0.03583839012499346
2014-07-25,20115,20406,19861,19936,300566,-0.0018025235329460765
2014-07-28,19789,20552,19606,19936,335191,0.0
2014-07-29,20226,21354,20044,20373,926825,0.02192014446227919
2014-07-30,20370,20406,19461,19717,368072,-0.03219947970352921
2014-07-31,19570,20115,18333,19062,401118,-0.033220063904245034
2014-08-01,18624,19823,18624,19171,265791,0.0057181827720071965
2014-08-04,19425,19750,19353,19427,199910,0.013353502686349161
2014-08-05,19570,20042,18770,19062,338280,-0.018788284346528017
2014-08-06,19059,19496,18842,18916,198506,-0.007659217290945319
2014-08-07,18915,19170,17860,17862,313802,-0.055720025375343596
2014-08-08,17678,18696,17496,17971,318197,0.006102340163475439
2014-08-11,18006,18660,18006,18117,152536,0.00812420010016135
2014-08-12,18258,18441,17604,17679,181900,-0.024176188110614394
2014-08-13,17859,18295,16950,18262,394969,0.03297697833587865
2014-08-14,18915,20186,18696,19899,873908,0.0896396889716351
2014-08-18,20588,21279,20406,20699,576574,0.04020302527765218
2014-08-19,20880,22006,20480,21318,708398,0.029904826320112043
2014-08-20,21244,21425,20480,21246,341033,-0.0033774275260343156
2014-08-21,21244,21533,20772,21246,353181,0.0
2014-08-22,21317,23389,20589,22737,1235702,0.07017791584298227
2014-08-25,22844,24663,22190,22337,1589369,-0.0175924704226591
2014-08-26,22117,22953,22045,22373,516343,0.0016116756950350641
2014-08-27,22297,22698,20733,20881,673797,-0.06668752514191212
2014-08-28,20916,21424,20480,20845,330505,-0.0017240553613332432
2014-08-29,21100,21318,20663,20664,192793,-0.008683137443031952
2014-09-01,20588,21279,20479,20626,197765,-0.0018389469608981468
2014-09-02,20698,22407,20698,21718,917114,0.052942887617570156
2014-09-03,22044,23461,21861,22518,939554,0.036835804401878613
2014-09-04,22625,22734,21171,21173,528840,-0.05972999378275157
2014-09-05,21315,21643,20807,21100,242417,-0.00344778727624806
2014-09-11,21098,21607,20844,20918,171679,-0.008625592417061623
2014-09-12,20733,20952,19643,19863,310986,-0.050435032029830795
2014-09-15,19824,20771,19533,20336,291878,0.023813119871117117
2014-09-16,20515,20879,20152,20336,153237,0.0
2014-09-17,20152,20879,20152,20845,196723,0.025029504327301444
2014-09-18,20915,21387,20588,20590,184809,-0.012233149436315705
2014-09-19,20880,21898,20880,21427,333244,0.040650801359883415
2014-09-22,21643,21643,20953,21100,136431,-0.015261119148737623
2014-09-23,21135,21717,20990,21718,239125,0.029289099526066398
2014-09-24,21715,22261,21460,21536,345167,-0.008380145501427405
2014-09-25,21606,22115,20806,20954,270456,-0.027024517087667177
2014-09-26,20807,21460,20807,21355,144813,0.01913715758327772
2014-09-29,21425,22333,21316,21682,455331,0.015312573167876486
2014-09-30,21970,22151,21498,21536,214337,-0.0067336961534913975
2014-10-01,21752,21752,20516,20845,224076,-0.032085809806835064
2014-10-02,20625,22480,20625,22373,593121,0.07330295034780532
2014-10-06,22662,24153,22263,23756,984833,0.06181558128100839
2014-10-07,23789,23862,22881,23246,520731,-0.021468260649941118
2014-10-08,23100,23645,22845,23647,374683,0.017250279617998743
2014-10-10,23644,24080,23099,23938,491665,0.012306000761195923
2014-10-13,23864,24046,20372,20373,1354701,-0.14892639318238787
2014-10-14,20006,20660,19388,20153,741115,-0.010798605998134758
2014-10-15,20225,21061,20116,20300,412012,0.007294199374782817
2014-10-16,19859,19895,18478,18480,663332,-0.08965517241379306
2014-10-17,18842,19823,18297,18662,494517,0.009848484848484773
2014-10-20,19024,19279,18443,18626,336740,-0.0019290536919944756
2014-10-21,18623,18806,17605,17717,575936,-0.04880274884569957
2014-10-22,18189,18225,17425,17535,339049,-0.010272619517977088
2014-10-23,17496,19133,17351,18626,647898,0.062218420302252664
2014-10-24,18662,18880,16443,16698,541259,-0.10351122087404707
2014-10-27,16878,17676,16878,17425,273126,0.04353814828123137
2014-10-28,17822,17932,17024,17243,171685,-0.010444763271162172
2014-10-29,17423,17785,17242,17607,184272,0.021110015658527992
2014-10-30,17676,17712,16731,17097,177264,-0.028965752257624766
2014-10-31,17244,17279,16624,16662,151156,-0.025443060185997513
2014-11-03,16988,18150,16842,17243,357149,0.034869763533789566
2014-11-04,17386,17422,16878,17061,166451,-0.010555007829263996
2014-11-05,16950,17386,16768,17207,104409,0.008557528867006559
2014-11-06,17167,17458,16550,16879,166729,-0.01906200964723659
2014-11-07,16986,17313,16803,17279,114715,0.023698086379524863
2014-11-10,17642,18041,17388,17753,196581,0.02743214306383468
2014-11-11,18114,18150,15750,15934,1019809,-0.102461555793387
2014-11-12,16221,16221,15604,16080,289493,0.009162796535709727
2014-11-13,16221,16258,15785,15861,197469,-0.01361940298507458
2014-11-14,15896,17822,15750,16516,880564,0.04129626126978114
2014-11-17,16585,16767,15967,16006,206724,-0.030879147493339754
2014-11-18,16005,16878,16005,16625,297588,0.03867299762589038
2014-11-19,16587,16950,16405,16807,174798,0.010947368421052595
2014-11-20,16950,17023,16077,16153,211153,-0.038912357946093934
2014-11-21,16004,16331,16004,16188,123830,0.002166780164675197
2014-11-24,16365,16402,16075,16297,110666,0.006733382752656336
2014-11-25,16441,16622,16223,16407,106440,0.006749708535313204
2014-11-26,16369,16661,16260,16553,123348,0.008898640824038573
2014-11-27,16658,16658,15967,16006,171611,-0.033045369419440584
2014-11-28,15931,16149,15496,15570,185282,-0.02723978508059477
2014-12-01,15458,15712,14803,15533,156676,-0.00237636480411052
2014-12-02,15422,15640,15095,15097,111356,-0.02806927187278696
2014-12-03,15132,15604,15095,15570,98413,0.031330727959197224
2014-12-04,15568,15713,15241,15606,152965,0.0023121387283238093
2014-12-05,15423,16113,15423,16043,187365,0.028002050493399988
2014-12-08,16075,16185,15676,15788,88855,-0.015894782771302074
2014-12-09,15858,16367,15750,15752,121089,-0.0022802128198632365
2014-12-10,15641,16222,15387,15934,196047,0.01155408836973093
2014-12-11,15968,16806,15859,16807,285085,0.05478850257311407
2014-12-12,16806,17023,16223,16843,225172,0.0021419646575830953
2014-12-15,16840,17241,16404,16443,197510,-0.02374873834827529
2014-12-16,16369,16807,16260,16553,131545,0.006689776804719383
2014-12-17,16659,17314,16332,16952,207145,0.024104391953120308
2014-12-18,17204,17314,16550,16988,135613,0.002123643227937677
2014-12-19,17204,17241,16622,16879,93126,-0.0064162938544855
2014-12-22,16878,17022,16659,16952,83442,0.004324900764263395
2014-12-23,17023,17712,16841,17679,232510,0.04288579518640878
2014-12-24,17751,18150,17351,17862,193032,0.010351264211776678
2014-12-26,18078,18259,17751,17971,188274,0.006102340163475439
2014-12-29,18169,18527,18050,18131,85487,0.008903232986478216
2014-12-30,18050,19206,17331,18610,233442,0.026418840659643728
2015-01-02,18609,18887,18290,18610,73811,0.0
2015-01-05,18208,18328,17410,17571,223016,-0.055830198817839904
2015-01-06,17368,17529,16851,16932,233835,-0.036366740652211016
2015-01-07,16731,17289,16690,16932,155863,0.0
2015-01-08,16851,16970,16412,16932,188208,0.0
2015-01-09,17129,17449,16890,17052,105827,0.00708717221828481
2015-01-12,17011,17930,17011,17811,193197,0.044510907811400324
2015-01-13,17809,18089,17171,17292,191943,-0.029139295940710852
2015-01-14,17251,17849,17251,17492,92732,0.011566042100393137
2015-01-15,17369,17968,17369,17891,95873,0.022810427624056606
2015-01-16,18048,18407,17170,17371,326075,-0.029064892962942235
2015-01-19,17569,17930,17211,17452,135808,0.004662943987104873
2015-01-20,17851,17891,17412,17532,111875,0.004584001833600748
2015-01-21,17531,18289,17451,17811,235060,0.01591375770020531
2015-01-22,18089,18966,18009,18410,441820,0.03363090225141763
2015-01-23,18371,18729,17811,17932,220796,-0.025964149918522583
2015-01-26,17931,18369,17890,18091,169932,0.008866830247602042
2015-01-27,18129,18249,17370,17452,284410,-0.03532143054557513
2015-01-28,17410,17768,17250,17571,139726,0.006818702727481085
2015-01-29,17411,17530,16931,17452,252771,-0.006772522907062761
2015-01-30,17571,17771,17212,17612,207438,0.009168003667201496
2015-02-02,17690,18049,17411,17811,165795,0.01129911424029073
2015-02-03,18089,18249,17251,17292,246566,-0.029139295940710852
2015-02-04,17370,18049,17251,17971,293107,0.03926671293083506
2015-02-05,18249,18448,17890,18011,285584,0.002225808246619554
2015-02-06,18048,20683,17968,20686,1660502,0.14852034867580932
2015-02-09,21243,21603,20764,21445,1128234,0.0366914821618487
2015-02-10,21362,21523,20485,21086,712812,-0.016740498950804428
2015-02-11,21363,23879,21324,22324,2580816,0.058711941572607396
2015-02-12,22162,23719,20725,20766,1572141,-0.06979036015051066
2015-02-13,21243,21842,20804,21365,562873,0.0288452277761726
2015-02-16,21803,22961,21043,22963,818121,0.07479522583664866
2015-02-17,22523,25357,21804,24561,1900460,0.06959021033837032
2015-02-23,24598,25117,24080,24760,593143,0.008102275965962358
2015-02-24,24760,25000,23882,24202,399923,-0.022536348949919183
2015-02-25,24440,26077,24041,24042,1000201,-0.006611023882323819
2015-02-26,23800,24040,22722,23243,517633,-0.033233508027618375
2015-02-27,23402,23802,23082,23563,365309,0.013767585939852944
2015-03-02,23400,23561,22443,22484,441892,-0.04579213173195262
2015-03-03,22721,23279,22482,22883,334438,0.017745952677459487
2015-03-04,22920,23160,22163,22723,253467,-0.006992090197963541
2015-03-05,22802,23600,22722,23363,301359,0.028165295075474273
2015-03-06,23641,23680,23042,23642,263385,0.011941959508624755
2015-03-09,23479,24399,22961,23083,257216,-0.023644361729126095
2015-03-10,23082,24240,23042,23243,402374,0.0069315080362171155
2015-03-11,22921,23121,21964,22085,296340,-0.04982145161984253
2015-03-12,22205,22684,21805,22405,182639,0.014489472492642097
2015-03-13,22483,22761,22004,22484,161264,0.003525998661013219
2015-03-16,22681,25515,22600,24680,1097703,0.0976694538338374
2015-03-17,25438,26874,24759,25679,1133939,0.040478119935170254
2015-03-18,26037,26396,24919,25200,467463,-0.01865337435258385
2015-03-19,25437,26754,24400,25998,827526,0.03166666666666673
2015-03-20,26116,27035,25599,25919,515529,-0.0030386952842526016
2015-03-23,25915,26475,24997,25039,393623,-0.03395192715768358
2015-03-24,24759,26396,24719,25639,524139,0.023962618315428008
2015-03-25,25439,28753,25200,26359,1323389,0.028082218495261158
2015-03-26,26395,26794,24718,25120,670526,-0.047004818088698386
2015-03-27,25118,26157,23921,24002,828182,-0.04450636942675157
2015-03-30,23601,24958,23601,24082,568019,0.0033330555787016714
2015-03-31,24597,26194,24319,25239,1080636,0.04804418237687891
2015-04-01,25159,28553,25079,28076,2620806,0.1124054043345617
2015-04-02,28431,32265,25756,26876,4063456,-0.04274113121527279
2015-04-03,27473,28432,25757,26677,1610663,-0.007404375651138606
2015-04-06,27034,27034,25398,26318,849153,-0.013457285301945454
2015-04-07,26116,28632,25517,27356,1997646,0.039440686982293416
2015-04-08,27634,28514,25638,26079,1388305,-0.046680801286737794
2015-04-09,26438,26957,25879,26239,457809,0.0061352045707274705
2015-04-10,26279,27076,25879,26479,587758,0.009146690041541117
2015-04-13,26677,27716,26039,26159,619199,-0.012085048529023035
2015-04-14,26395,26555,24000,24600,895540,-0.05959707939905956
2015-04-15,24599,26237,24360,25080,920898,0.019512195121951237
2015-04-16,25716,25716,24400,24840,402721,-0.009569377990430672
2015-04-17,24759,25557,24440,25400,409429,0.02254428341384873
2015-04-20,25318,26037,24999,25480,443789,0.0031496062992126816
2015-04-21,26315,27712,25756,27196,1404026,0.06734693877551012
2015-04-22,27595,30748,25958,28435,2114052,0.04555817031916454
2015-04-23,28910,28951,26396,26677,785239,-0.061825215403552014
2015-04-24,26516,27514,25797,26079,451291,-0.02241631367844965
2015-04-27,26358,28273,26358,27876,1006757,0.06890601633498217
2015-04-28,28231,28471,26674,27196,691721,-0.02439374372219827
2015-04-29,27194,27514,25918,26438,345472,-0.027871745844977203
2015-04-30,26436,27074,25238,25400,339810,-0.03926166881004611
2015-05-04,25236,25636,23400,23602,548860,-0.07078740157480312
2015-05-06,23080,23759,22442,22963,616550,-0.027073976781628706
2015-05-07,23040,23598,22561,23282,275520,0.013891913077559659
2015-05-08,23280,23361,22523,22564,347694,-0.03083927497637662
2015-05-11,22961,24359,21804,22005,878121,-0.024773976245346607
2015-05-12,22124,22365,21286,21606,438378,-0.01813224267211999
2015-05-13,21565,21765,20088,20128,769699,-0.06840692400259185
2015-05-14,20206,20844,19966,20487,382373,0.01783585055643888
2015-05-15,20487,20647,20008,20128,234427,-0.017523307463269355
2015-05-18,20245,21722,20205,21245,774730,0.05549483306836245
2015-05-19,21204,21243,20327,20527,298272,-0.033796187338197226
2015-05-20,20564,21283,20564,21086,260928,0.027232425585813846
2015-05-21,21324,22242,21084,21365,458495,0.013231528028075479
2015-05-22,21604,21724,20526,20727,284211,-0.029861923706997473
2015-05-26,20963,21762,20725,20766,273963,0.001881603705311985
2015-05-27,20724,20724,19047,19049,443914,-0.08268323220649143
2015-05-28,19408,20248,19289,19649,283754,0.03149771641555987
2015-05-29,19769,20128,18969,19569,239332,-0.0040714540180162295
2015-06-01,19367,19447,18648,18690,194251,-0.04491798252337886
2015-06-02,18408,18608,16891,17292,545699,-0.07479935794542536
2015-06-03,17050,18368,16771,17252,442778,-0.0023132084200786496
2015-06-04,17529,17929,16890,17052,448999,-0.011592858798979866
2015-06-05,16771,17329,16531,17252,223411,0.011728829462819501
2015-06-08,17289,17409,16771,17132,206086,-0.006955715279387875
2015-06-09,16973,17732,16892,17652,200276,0.030352556619192228
2015-06-10,17688,17768,16252,16533,576696,-0.06339225016995242
2015-06-11,16730,17048,16411,16812,320520,0.016875340228633684
2015-06-12,16890,17210,16253,16294,288759,-0.030811325243873422
2015-06-15,15732,16172,15574,15655,224825,-0.039216889652632925
2015-06-16,15575,16533,15575,15895,269662,0.015330565314595868
2015-06-17,16172,16172,15134,15495,386739,-0.02516514627241273
2015-06-18,15695,15734,15255,15375,232331,-0.007744433688286589
2015-06-19,15373,17330,15373,17332,767056,0.12728455284552842
2015-06-22,17169,17289,16371,17092,470197,-0.01384721901684749
2015-06-23,17531,19567,17411,18211,1470668,0.06546922536859356
2015-06-24,18647,21163,18647,21126,1808723,0.16006809071440342
2015-06-25,21524,25556,21484,23323,2836801,0.1039950771561109
2015-06-26,23560,24518,22243,22883,1269749,-0.018865497577498558
2015-06-29,23160,24079,22363,22843,1037953,-0.001748022549490913
2015-06-30,22362,22481,20046,21445,1454592,-0.06120036772753146
2015-07-01,22442,23241,21564,21645,946552,0.009326183259501075
2015-07-02,23001,23639,22203,23323,1351061,0.07752367752367761
2015-07-03,23361,23520,22044,22484,646571,-0.035973073789821175
2015-07-06,21723,22362,20964,21086,540292,-0.06217754847891832
2015-07-07,21844,22562,21005,22205,838347,0.05306838660722746
2015-07-08,22242,22282,20645,20766,477703,-0.06480522404863764
2015-07-09,20327,22683,19727,22684,837065,0.09236251565058273
2015-07-10,23160,23320,21363,21365,911595,-0.058146711338388335
2015-07-13,21644,22163,21405,21965,307219,0.02808331383103213
2015-07-14,22202,22840,21443,21565,953178,-0.018210789893011614
2015-07-15,21405,22721,21325,22205,1112289,0.029677718525388253
2015-07-16,22042,22321,21243,21565,562579,-0.02882233731141637
2015-07-17,21805,21925,20766,21486,405636,-0.0036633433804775795
2015-07-20,21526,22045,21445,21486,264133,0.0
2015-07-21,21762,21762,20764,20806,392569,-0.0316485153122964
2015-07-22,20527,21126,20048,20128,289959,-0.03258675382101317
2015-07-23,20444,21003,20126,20287,303647,0.007899443561208308
2015-07-24,20246,20246,18449,18690,701480,-0.07872036279390748
2015-07-27,18687,19086,18209,18410,354202,-0.014981273408239737
2015-07-28,17970,18169,17251,18051,326303,-0.01950027159152634
2015-07-29,17888,18567,17369,17371,258379,-0.03767104315550385
2015-07-30,17489,17929,17250,17252,231549,-0.0068504979563640545
2015-07-31,17052,18011,17052,17412,173000,0.00927428703918376
2015-08-03,17651,18408,17570,17851,231548,0.02521249712841711
2015-08-04,17770,18289,17611,18011,162162,0.008963083300655317
2015-08-05,18210,20725,18210,19369,783887,0.07539836766420516
2015-08-06,19646,19726,18569,18810,244549,-0.028860550363983717
2015-08-07,18767,19446,18688,19408,260310,0.031791600212652815
2015-08-10,19168,24040,19168,23243,3982587,0.1975989282769992
2015-08-11,23163,23363,21406,21606,1497874,-0.07042980682355982
2015-08-12,21206,21526,19129,19689,992097,-0.08872535406831439
2015-08-13,20087,22003,19967,21206,1308910,0.07704809792269796
2015-08-17,21565,22245,20966,21486,437490,0.01320381024238415
2015-08-18,21243,21524,19967,20048,483411,-0.06692730149865034
2015-08-19,19525,19885,18369,19249,466137,-0.03985434956105349
2015-08-20,19007,19725,18688,18769,346110,-0.024936360330406804
2015-08-21,17571,18729,17132,17412,607084,-0.0723000692631467
2015-08-24,17410,18487,17330,17691,489015,0.016023432115782166
2015-08-25,18647,19166,17930,18929,449313,0.06997908541066078
2015-08-26,19008,19566,18448,19249,466277,0.01690527761635585
2015-08-27,19489,23482,19369,22365,2452552,0.1618785391448907
2015-08-28,22802,23920,22642,23522,1215213,0.051732617929800995
2015-08-31,23919,24877,23161,23402,1285927,-0.005101607006206987
2015-09-01,23681,24638,23362,23682,1173890,0.01196478933424494
2015-09-02,23441,25157,23400,24481,1546889,0.033738704501309114
2015-09-03,25078,25278,23362,23363,967648,-0.045668069114823795
2015-09-04,23719,23999,22122,22124,838531,-0.05303257287163465
2015-09-07,22442,23719,22083,23402,796512,0.05776532272645096
2015-09-08,23280,23640,21884,22564,619857,-0.03580890522177593
2015-09-09,23121,23959,22721,23961,668789,0.06191278142173373
2015-09-10,22840,23080,20206,20886,2686073,-0.1283335420057593
2015-09-11,21004,21484,20327,20408,902418,-0.022886143828401817
2015-09-14,20764,21403,20645,20966,664074,0.02734221873774989
2015-09-15,21084,21284,20207,20248,540514,-0.03424592196890208
2015-09-16,20684,21123,20525,20766,565783,0.025582773607269793
2015-09-17,21363,22243,21285,21326,1050689,0.026967157854184798
2015-09-18,21963,22202,21643,22124,551878,0.03741911282003185
2015-09-21,21963,23080,21563,22603,576030,0.021650696076658926
2015-09-22,22921,23320,22403,22923,692952,0.014157412732823005
2015-09-23,22761,23081,21725,22085,416791,-0.03655716965493172
2015-09-24,22600,23518,22242,22643,655330,0.02526601765904468
2015-09-25,22641,23041,21764,21965,354377,-0.02994302875060728
2015-09-30,21963,22362,21443,22324,401457,0.016344183928977962
2015-10-01,22323,22961,22044,22684,400327,0.016126142268410693
2015-10-02,22841,23360,22641,22883,431004,0.008772703226944012
2015-10-05,23280,23480,22602,22684,332371,-0.008696412183717195
2015-10-06,22963,23083,22285,22285,257049,-0.017589490389702034
2015-10-07,22721,23001,21485,21805,385990,-0.02153915189589406
2015-10-08,21883,21963,21085,21685,268653,-0.005503324925475783
2015-10-12,21765,21885,21166,21606,237020,-0.003643071247406038
2015-10-13,21725,22163,21444,21885,223791,0.012913079700083374
2015-10-14,21961,21961,21123,21245,217358,-0.02924377427461733
2015-10-15,21245,21565,21166,21486,141679,0.011343845610731984
2015-10-16,21682,21802,21164,21166,172856,-0.014893418970492456
2015-10-19,21323,21442,20764,20766,146935,-0.018898233015213095
2015-10-20,20726,21563,20726,21406,150966,0.030819608976211166
2015-10-21,21242,21762,21004,21046,172266,-0.016817714659441263
2015-10-22,21406,21406,19449,19649,385118,-0.0663784091988977
2015-10-23,20007,20166,19687,20008,173713,0.01827064990584759
2015-10-26,20287,20287,19010,19569,308116,-0.021941223510595798
2015-10-27,19568,19966,19407,19808,132886,0.012213194337983513
2015-10-28,19928,20408,19808,20128,157371,0.016155088852988664
2015-10-29,20165,20444,19646,19728,154543,-0.019872813990461036
2015-10-30,19805,19925,19127,19728,126639,0.0
2015-11-02,19728,19968,19369,19569,85507,-0.008059610705596132
2015-11-03,19966,19966,19568,19848,120614,0.014257243599570701
2015-11-04,19769,20328,19649,20128,126674,0.01410721483272881
2015-11-05,20126,21003,19886,20806,256541,0.033684419713831515
2015-11-06,20766,20806,19569,19769,346709,-0.049841391906180865
2015-11-09,19367,19367,17171,17292,636543,-0.12529718245738275
2015-11-10,16810,17290,16213,16414,415381,-0.05077492482072632
2015-11-11,16292,17049,16292,16932,188773,0.03155842573412948
2015-11-12,16930,17249,16851,17052,133884,0.00708717221828481
2015-11-13,16771,16930,16133,16453,198019,-0.03512784424114468
2015-11-16,15973,16810,15853,16453,110093,0.0
2015-11-17,16770,16809,16412,16493,103027,0.0024311675682247014
2015-11-18,16491,16731,16372,16534,89594,0.0024859031104105256
2015-11-19,16572,17010,16572,16973,102756,0.02655134873593812
2015-11-20,17050,17169,16810,17132,79895,0.009367819477994477
2015-11-23,17171,18209,17171,18131,259834,0.058311930889563435
2015-11-24,18291,18291,17771,17972,111940,-0.008769510782637435
2015-11-25,17890,18927,17890,18690,191113,0.039951034943245034
2015-11-26,18926,19007,18408,18530,106978,-0.00856072766185123
2015-11-27,18687,18766,18369,18410,72531,-0.0064759848893686245
2015-11-30,18369,18727,17890,18011,138767,-0.02167300380228132
2015-12-01,18370,19008,18330,18610,155408,0.033257453778246626
2015-12-02,18689,19127,18648,18690,116552,0.004298764105319819
2015-12-03,18608,18886,18129,18769,96899,0.004226859283039008
2015-12-04,18408,19046,18408,18769,75608,0.0
2015-12-07,19086,19086,18488,18850,85329,0.004315626831477459
2015-12-08,18926,18966,18329,18450,113397,-0.021220159151193685
2015-12-09,18408,18568,17970,18091,83639,-0.019457994579945792
2015-12-10,17810,18209,17731,18091,78230,0.0
2015-12-11,18291,18490,17771,17932,71903,-0.008788900558288626
2015-12-14,17571,17932,16973,17652,101262,-0.015614543832255134
2015-12-15,17491,18927,17491,18730,180153,0.06106956718785406
2015-12-16,18929,20368,18889,19809,467492,0.057608115323011244
2015-12-17,20008,20168,19728,19889,198224,0.004038568327527914
2015-12-18,19727,20445,19368,20368,196019,0.024083664337070765
2015-12-21,20565,20845,20286,20647,187546,0.013697957580518505
2015-12-22,20604,20884,20286,20567,131805,-0.003874654913546771
2015-12-23,20725,20764,20446,20447,81084,-0.005834589390771638
2015-12-24,20645,20964,20247,20447,153127,0.0
2015-12-28,20604,20604,20207,20368,125624,-0.0038636474788477093
2015-12-29,20762,20762,19842,20543,171378,0.008591908876669274
2015-12-30,20760,20847,20279,20499,136222,-0.002141848804945723
2016-01-04,20280,20456,19798,19886,127419,-0.029903897751109798
2016-01-05,19446,20715,19358,20630,152951,0.037413255556673075
2016-01-06,20847,21942,20409,21813,298347,0.05734367426078535
2016-01-07,21507,22383,21069,21332,322536,-0.022051070462568156
2016-01-08,21113,21200,20586,21069,134869,-0.012328895555972275
2016-01-11,21154,21241,20367,20368,168595,-0.03327163130665911
2016-01-12,20584,20760,20060,20061,125931,-0.01507266300078558
2016-01-13,20411,20630,20105,20237,121292,0.00877324161308013
2016-01-14,19752,20103,19228,19667,151472,-0.02816623017245634
2016-01-15,19971,20059,18615,19360,244280,-0.015609904916865869
2016-01-18,18878,19448,18747,19273,142749,-0.004493801652892593
2016-01-19,19490,19577,18877,19185,109066,-0.004565973123021871
2016-01-20,19445,19532,18220,18571,166322,-0.03200416992442012
2016-01-21,18439,19183,18439,18659,108822,0.004738570890097549
2016-01-22,18835,19273,18747,19273,100861,0.032906372260035344
2016-01-25,20147,20541,19578,19842,201768,0.029523167124993588
2016-01-26,19622,20235,19534,20149,109694,0.015472230621913052
2016-01-27,20584,20584,19841,20017,118854,-0.00655119360762324
2016-01-28,19885,20584,19841,20149,107736,0.006594394764450229
2016-01-29,20016,20847,20016,20718,140606,0.028239614869224328
2016-02-01,20892,21241,20629,20718,115216,0.0
2016-02-02,20760,21066,20628,20849,98645,0.006323004150979861
2016-02-03,20761,21241,20585,21200,156169,0.016835339824452067
2016-02-04,21241,21417,20717,20981,92914,-0.010330188679245289
2016-02-05,21153,21153,20716,20805,54601,-0.00838854201420336
2016-02-11,19709,20802,19709,20411,146618,-0.018937755347272267
2016-02-12,20237,20630,18440,18835,297918,-0.07721326735583756
2016-02-15,19227,19358,18527,19010,155419,0.009291213166976453
2016-02-16,19272,20235,19053,20061,161392,0.05528669121514995
2016-02-17,19928,19971,18834,18922,245170,-0.056776830666467326
2016-02-18,19053,19665,19053,19448,182355,0.027798329986259418
2016-02-19,19491,19796,19140,19623,93501,0.00899835458658993
2016-02-22,20017,21288,19711,21113,281249,0.07593130510115675
2016-02-23,21243,21901,20411,21113,443598,0.0
2016-02-24,21505,21680,20980,21375,162653,0.012409415999621087
2016-02-25,21462,23040,21462,22996,727268,0.07583625730994159
2016-02-26,23126,23169,22469,22777,297139,-0.009523395373108312
2016-02-29,22907,23432,22557,23171,315981,0.017298151644202564
2016-03-02,23302,23608,23040,23347,210444,0.007595701523456011
2016-03-03,23169,23345,22601,22952,238136,-0.016918661926585865
2016-03-04,22905,23080,22468,22645,157691,-0.013375740676193848
2016-03-07,22470,23566,22470,23434,227597,0.03484212850518875
2016-03-08,23565,23565,22864,22996,122774,-0.018690791158146314
2016-03-09,23083,23652,23040,23347,113725,0.015263524091146285
2016-03-10,23431,23431,22643,22864,122169,-0.02068788281149614
2016-03-11,22863,23169,22557,23040,95594,0.007697690692792136
2016-03-14,23299,23387,22205,22426,137092,-0.026649305555555558
2016-03-15,22424,23519,22424,23521,302754,0.04882725408008559
2016-03-16,23608,25359,23608,24879,723476,0.057735640491475726
2016-03-17,25358,25358,24571,24704,247452,-0.007034044776719317
2016-03-18,24964,25008,24177,24704,200614,0.0
2016-03-21,24571,25446,24440,24704,229761,0.0
2016-03-22,24835,25404,24484,25230,198848,0.021292098445595764
2016-03-23,25404,25666,25010,25011,150367,-0.008680142687277015
2016-03-24,24877,25227,24264,24923,127090,-0.00351845188117228
2016-03-25,25010,25972,24791,25624,217907,0.028126630020463006
2016-03-28,25798,26062,24617,24836,275822,-0.030752419606618786
2016-03-29,24966,25710,24966,25449,187476,0.024681913351586315
2016-03-30,25534,25972,25316,25449,125864,0.0
2016-03-31,25492,26017,25360,25843,176270,0.015481944280718363
2016-04-01,25755,25931,25186,25406,166239,-0.016909801493634635
2016-04-04,25493,25799,24967,25274,119145,-0.005195623081161949
2016-04-05,25404,25578,24922,24967,127142,-0.012146870301495638
2016-04-06,25054,26893,24659,26719,417406,0.07017262786878686
2016-04-07,26760,26803,26060,26193,185172,-0.019686365507691206
2016-04-08,26017,26760,25841,26193,132753,0.0
2016-04-11,26367,26892,26191,26631,199139,0.016722024968502947
2016-04-12,26542,27461,26498,27025,226733,0.014794788028988703
2016-04-14,27112,27112,26105,26369,178895,-0.024273820536540258
2016-04-15,26979,27286,26191,26587,184483,0.00826728355265649
2016-04-18,26018,27593,25842,27464,407458,0.03298604581186293
2016-04-19,27505,27548,26804,27025,158829,-0.015984561607923053
2016-04-20,26982,27595,26938,27333,193199,0.011396854764107234
2016-04-21,27374,27592,27155,27376,124062,0.0015731899169502128
2016-04-22,27375,27987,27375,27683,181683,0.011214202220923397
2016-04-25,27462,28862,27462,28646,294537,0.03478669219376518
2016-04-26,29040,30528,29040,29829,550083,0.04129721427075328
2016-04-27,30046,31842,29171,29479,864107,-0.011733547889637652
2016-04-28,29740,30878,28164,28559,519309,-0.031208657010074914
2016-04-29,28688,28732,27682,28603,309935,0.0015406701915332555
2016-05-02,28469,29039,27769,27770,245144,-0.029122819284690404
2016-05-03,27989,28602,27726,28384,205513,0.022110190853438905
2016-05-04,28557,28820,27901,28121,262137,-0.009265783540022499
2016-05-09,28251,29740,28251,29435,377425,0.04672664556736961
2016-05-10,29871,30659,29215,29391,395981,-0.0014948190929165994
2016-05-11,29433,30484,29433,30486,328668,0.03725630294988269
2016-05-12,30484,31228,30003,31099,303806,0.020107590369349948
2016-05-13,31099,31756,30837,31275,245363,0.005659345959677209
2016-05-16,31187,31754,31055,31713,176580,0.0140047961630696
2016-05-17,31930,32149,30967,31713,225489,0.0
2016-05-18,31449,31713,30443,30443,288353,-0.04004666855863526
2016-05-19,30442,31754,30442,30661,281456,0.007160923693459997
2016-05-20,31096,31228,30397,30705,141506,0.0014350477805682438
2016-05-23,30880,31055,29742,29786,215400,-0.02992997883080928
2016-05-24,29915,31273,29872,31012,237409,0.0411602766400323
2016-05-25,31535,32061,30704,30793,228217,-0.007061782535792593
2016-05-26,31056,31362,30924,31188,134415,0.01282759068619499
2016-05-27,31099,31407,30048,30224,163842,-0.03090932409901248
2016-05-30,29873,30180,29084,29786,215650,-0.014491794600317576
2016-05-31,30003,31316,29827,31318,195269,0.051433559390317685
2016-06-01,31098,31930,31011,31625,198266,0.009802669391404395
2016-06-02,31667,32850,31667,32807,312448,0.037375494071146154
2016-06-03,32544,33507,32544,33071,225993,0.008047063126771725
2016-06-07,33202,33421,32194,32896,199530,-0.00529164524810255
2016-06-08,33024,33156,31974,32545,203944,-0.010669990272373586
2016-06-09,32720,33290,32677,33290,155564,0.02289138116454148
2016-06-10,33332,33375,31668,31713,253126,-0.0473715830579754
2016-06-13,31536,32499,31187,31844,136547,0.0041307980954183865
2016-06-14,32151,32239,30661,30837,185580,-0.0316229116945107
2016-06-15,30703,32279,30703,31975,183072,0.03690371955767424
2016-06-16,32020,32545,30880,31407,176069,-0.01776387802971069
2016-06-17,31885,32586,30484,30880,140403,-0.016779698793262687
2016-06-20,31274,31973,31187,31581,91252,0.02270077720207264
2016-06-21,31669,32545,31669,32239,169690,0.02083531237136249
2016-06-22,32587,32675,31493,31581,178300,-0.020410062346846947
2016-06-23,31537,31756,30574,31056,143730,-0.016623919445236113
2016-06-24,31667,31667,28689,29435,352926,-0.052196032972694484
2016-06-27,28732,30921,28644,30880,233729,0.04909121793782911
2016-06-28,30878,31140,30133,30924,128682,0.0014248704663213374
2016-06-29,31141,31972,30922,31537,122212,0.019822791359461966
2016-06-30,31799,31842,30748,30749,158855,-0.024986523765735513
2016-07-01,31010,32017,30966,31756,178714,0.03274903248886152
2016-07-04,32062,32718,31843,32370,196529,0.019334928832346554
2016-07-05,32632,33113,32457,32852,158559,0.014890330552981057
2016-07-06,32981,33069,31931,32326,129069,-0.01601120175331794
2016-07-07,32676,33244,32588,33071,97024,0.02304646414650735
2016-07-08,32762,32850,31055,31450,281781,-0.04901575398385294
2016-07-11,30705,30880,29829,30224,501063,-0.0389825119236884
2016-07-12,30615,30746,29959,30135,211182,-0.0029446797247221213
2016-07-13,30397,30747,29347,29391,225192,-0.02468889995022394
2016-07-14,29742,30180,29610,30005,146502,0.020890748868701348
2016-07-15,30308,30308,28908,29303,173728,-0.023396100649891727
2016-07-18,30047,31843,29960,31844,484692,0.0867146708528137
2016-07-19,31932,31975,31099,31275,193805,-0.0178683582464515
2016-07-20,31275,31318,30793,31056,87667,-0.0070023980815348
2016-07-21,31054,31754,30529,30530,135449,-0.01693714580113348
2016-07-22,30528,31096,30528,30705,90222,0.005732066819521764
2016-07-25,30878,31316,30223,30661,117352,-0.001432991369483827
2016-07-26,30398,31316,30266,30968,143352,0.01001271974169149
2016-07-27,31099,31099,28340,28516,475396,-0.07917850684577632
2016-07-28,28734,29303,27946,28297,350975,-0.007679899004067847
2016-07-29,28556,29081,28119,28208,159376,-0.003145209739548349
2016-08-01,28471,28559,26412,26895,378750,-0.04654707884288145
2016-08-02,26543,27856,26543,27201,243969,0.01137757947573892
2016-08-03,27462,28074,27287,27814,169159,0.022535936178816884
2016-08-04,27989,27989,27025,27114,134958,-0.025167181994678933
2016-08-05,27112,27112,24791,25624,480172,-0.054953160728774764
2016-08-08,25623,26323,25010,25799,283973,0.006829534811114479
2016-08-09,25887,26193,24353,24398,489233,-0.054304430404279236
2016-08-10,24528,24921,24352,24573,241371,0.007172719075334122
2016-08-11,24746,24877,23565,23653,309378,-0.037439466080657624
2016-08-12,23871,24396,23827,24310,234756,0.027776603390690324
2016-08-16,24836,25142,23083,23128,505422,-0.04862196626902504
2016-08-17,22862,23345,22338,22470,258346,-0.028450363196125927
2016-08-18,22470,22908,21638,21726,370213,-0.03311081441922559
2016-08-19,21901,22032,21200,21332,353260,-0.01813495351192118
2016-08-22,21460,21767,21112,21375,164985,0.002015750984436515
2016-08-23,21461,22775,21461,22689,472955,0.06147368421052635
2016-08-24,22819,22906,21681,21682,385940,-0.04438274053506108
2016-08-25,21767,21855,21549,21638,139555,-0.0020293330873535353
2016-08-26,21725,22600,21681,22339,292160,0.03239670949255946
2016-08-29,22295,22295,21462,21507,257505,-0.037244281301759274
2016-08-30,21506,21986,21418,21638,166611,0.006091040126470437
2016-08-31,21638,21813,20805,21069,272729,-0.026296330529623768
2016-09-01,20981,21550,20937,21332,154764,0.012482794627177274
2016-09-02,21461,23345,21461,22777,580982,0.06773860866304138
2016-09-05,23213,23475,22163,22514,479368,-0.011546735742196113
2016-09-06,22512,22687,22031,22076,157984,-0.019454561606111698
2016-09-07,22120,22514,21332,21332,214022,-0.033701757564776225
2016-09-08,21154,21635,20935,21462,245877,0.0060941308831801155
2016-09-09,21547,21547,20541,20849,283098,-0.028562109775417066
2016-09-12,20236,21022,20236,20718,126310,-0.006283274977217146
2016-09-13,20934,21066,20278,20411,152226,-0.014818032628632127
2016-09-19,20323,20892,20323,20499,142367,0.004311400715300673
2016-09-20,20542,20717,20366,20718,103217,0.010683447973071747
2016-09-21,20762,20805,20499,20675,84908,-0.002075489912153672
2016-09-22,20936,21373,20893,21200,159001,0.025392986698911768
2016-09-23,21331,22162,21199,21988,214761,0.03716981132075481
2016-09-26,21986,21986,21506,21769,150407,-0.009959978169910899
2016-09-27,21726,22295,21507,22164,146053,0.018145068675639697
2016-09-28,22161,22204,21592,21813,132449,-0.015836491608013037
2016-09-29,21898,22029,21417,21462,129873,-0.01609132168890115
2016-09-30,21241,21286,20848,20937,179873,-0.024461839530332652
2016-10-04,21243,22164,21243,21726,189314,0.03768448201748109
2016-10-05,21855,21943,21331,21550,94364,-0.008100892939335358
2016-10-06,21594,21682,20981,21069,135791,-0.022320185614849164
2016-10-07,20978,21110,20409,20411,154170,-0.031230718116664336
2016-10-10,20628,21110,20584,20805,106013,0.01930331683895936
2016-10-11,20980,21198,20629,20981,82700,0.008459504926700223
2016-10-12,21067,21459,21022,21243,113079,0.012487488680234415
2016-10-13,21110,21240,20628,20630,86640,-0.028856564515369776
2016-10-14,20409,20716,19797,19930,191536,-0.0339311682016481
2016-10-17,19928,19971,19184,19360,173780,-0.028600100351229285
2016-10-18,19490,19533,19184,19360,95135,0.0
2016-10-19,19359,19533,19228,19360,90360,0.0
2016-10-20,19315,19621,19272,19360,85269,0.0
2016-10-21,19358,19490,18921,18966,114372,-0.02035123966942154
2016-10-24,18922,19273,18835,19054,82216,0.0046398818939155095
2016-10-25,18833,18964,17651,18046,262250,-0.0529022777369581
2016-10-26,17738,18701,17738,18484,157344,0.02427130666075583
2016-10-27,18570,19139,18570,18791,91734,0.01660895909976201
2016-10-28,18616,19273,18616,19273,77864,0.025650577404076502
2016-10-31,19007,19007,18220,18352,113942,-0.04778705961708085
2016-11-01,18307,18700,18001,18571,76585,0.011933304272014
2016-11-02,18177,19052,18045,18747,135358,0.009477141780194875
2016-11-03,18484,19623,18484,19273,141225,0.028057822584946823
2016-11-04,19403,19621,19272,19404,56054,0.006797073626316541
2016-11-07,19360,19535,17958,18397,197716,-0.05189651618223046
2016-11-08,18396,18790,18002,18791,129280,0.021416535304669138
2016-11-09,18701,18833,17388,18090,271439,-0.03730509286360495
2016-11-10,18439,18964,18308,18922,103243,0.045992260917633976
2016-11-11,18835,19273,18528,18835,85862,-0.004597822640312832
2016-11-14,19095,19139,18790,18922,65290,0.004619060260153907
2016-11-15,19095,19095,18570,18922,73177,0.0
2016-11-16,19053,19402,18921,19360,91672,0.023147658809850924
2016-11-17,19359,19403,19096,19404,57625,0.002272727272727204
2016-11-18,19316,19316,18835,19054,83871,-0.018037518037518074
2016-11-21,18745,18833,17957,17958,130870,-0.057520730555263966
2016-11-22,17869,18394,17650,18352,116045,0.021940082414522832
2016-11-23,18175,18394,17650,17695,114437,-0.03579991281604189
2016-11-24,17650,17912,17125,17126,132372,-0.03215597626448152
2016-11-25,16905,17605,16905,17520,72414,0.023005955856592264
2016-11-28,17563,17824,17344,17739,45926,0.012499999999999956
2016-11-29,17519,18350,17519,18309,72205,0.03213258921021489
2016-11-30,18221,18308,17738,18309,91353,0.0
2016-12-01,18043,18175,17563,17695,66528,-0.033535419738926264
2016-12-02,17693,17737,17081,17126,125389,-0.03215597626448152
2016-12-05,17081,17256,16731,17126,85676,0.0
2016-12-06,17126,17346,16907,16995,101063,-0.007649188368562432
2016-12-07,16993,17124,16381,16557,114277,-0.02577228596646075
2016-12-08,16555,16948,16467,16863,79690,0.018481608987135356
2016-12-09,16730,17562,16686,17476,125492,0.03635177607780338
2016-12-12,17607,17825,17257,17608,97367,0.007553215838864702
2016-12-13,17565,17958,17258,17784,127430,0.009995456610631503
2016-12-14,18046,18265,17739,18178,197370,0.02215474583895638
2016-12-15,18131,18744,17912,18703,91017,0.02888106502365506
2016-12-16,18834,19139,18527,18878,125978,0.009356787681120693
2016-12-19,18702,19008,18570,18878,64345,0.0
2016-12-20,19008,19008,18658,18791,56238,-0.0046085390401525705
2016-12-21,18878,19010,18571,18835,83696,0.0023415464850193857
2016-12-22,18790,18876,18615,18791,58858,-0.002336076453411162
2016-12-23,18658,19578,18658,19579,115977,0.04193496886807524
2016-12-26,19798,20105,19623,19886,189908,0.015680065376168395
2016-12-27,20148,20409,19753,20368,223096,0.024238157497737056
2016-12-28,20463,20606,20175,20464,101002,0.00471327572662994
2016-12-29,20368,20368,19792,19888,87125,-0.02814698983580921
2017-01-02,19549,19646,18974,19023,98352,-0.043493563958165726
2017-01-03,19119,19792,19071,19696,112083,0.035378226357567266
2017-01-04,19597,19694,19214,19263,62967,-0.021984159220146182
2017-01-05,19310,19598,19118,19503,55568,0.012459118517364809
2017-01-06,19501,19501,19214,19263,49083,-0.012305799107829585
2017-01-09,19167,19215,18447,18687,125727,-0.02990188444167574
2017-01-10,18493,18781,18301,18350,77567,-0.018033927329159316
2017-01-11,18254,18783,18110,18639,110361,0.015749318801089984
2017-01-12,18687,18783,18447,18735,43063,0.005150490906164595
2017-01-13,18831,19359,18543,18783,84800,0.0025620496397118497
2017-01-16,18974,19213,18542,19023,56940,0.012777511579619816
2017-01-17,19215,19311,18783,18831,52479,-0.010093045260999856
2017-01-18,18734,19165,18734,19023,43452,0.010195953480962139
2017-01-19,18927,19023,18543,18543,67514,-0.025232613152499583
2017-01-20,18543,18735,18447,18639,38728,0.005177155800032418
2017-01-23,18397,18589,18061,18110,86062,-0.02838135093084393
2017-01-24,18110,18495,18110,18495,64280,0.021258972943125398
2017-01-25,18397,18589,18061,18062,57023,-0.02341173290078402
2017-01-26,17918,18110,17486,17678,99028,-0.021260104085926268
2017-01-31,17677,18108,17677,17918,45603,0.013576196402308005
2017-02-01,17773,17964,17677,17870,41020,-0.0026788704096439853
2017-02-02,17822,18062,17630,17630,48956,-0.013430330162283122
2017-02-03,17774,17822,17486,17582,49470,-0.0027226318774815628
2017-02-06,17677,17964,17533,17870,26492,0.01638038903423955
2017-02-07,17821,18060,17773,18014,48863,0.008058198097369962
2017-02-08,17916,18060,17725,17822,38698,-0.01065837681803039
2017-02-09,17677,17916,17533,17822,29591,0.0
2017-02-10,18012,18060,17677,17822,38813,0.0
2017-02-13,17966,18495,17870,18447,87592,0.035069015823139926
2017-02-14,18350,18783,18254,18783,88478,0.018214343795739163
2017-02-15,18782,19934,18734,19359,203113,0.030666027791087735
2017-02-16,19357,19501,18734,19119,79318,-0.012397334573066798
2017-02-17,19119,20945,18879,20849,515808,0.09048590407448098
2017-02-20,20849,21473,20752,21377,324190,0.025324955633363677
2017-02-21,21185,21473,20897,21089,144401,-0.013472423632876485
2017-02-22,21233,21329,20752,21233,124340,0.006828204277111283
2017-02-23,21281,21809,21137,21281,128871,0.002260632035039789
2017-02-24,21424,21855,21040,21617,196456,0.01578873173253137
2017-02-27,21807,21807,21040,21761,143175,0.006661423879354311
2017-02-28,21569,21713,21185,21233,73166,-0.024263590827627413
2017-03-02,20991,21231,20559,20752,166589,-0.022653416851127983
2017-03-03,20272,20320,19359,19600,268618,-0.05551272166538168
2017-03-06,19214,19694,18638,19503,162282,-0.004948979591836711
2017-03-07,19453,19694,19118,19407,85775,-0.004922319643131834
2017-03-08,19501,19501,19022,19263,68778,-0.007420003091667904
2017-03-09,19454,20270,19358,19455,142019,0.009967294813892025
2017-03-10,19744,20128,19167,19696,136581,0.012387561038293526
2017-03-13,19743,21087,19695,20800,252673,0.05605199025182772
2017-03-14,20945,20945,19984,20128,133915,-0.03230769230769226
2017-03-15,20032,20128,19551,19744,69233,-0.019077901430842648
2017-03-16,19983,20414,19839,20272,82555,0.02674230145867096
2017-03-17,20080,21137,20080,21041,189756,0.03793409629044997
2017-03-20,21041,21185,20512,21041,82515,0.0
2017-03-21,21135,21135,20367,20464,116082,-0.02742265101468566
2017-03-22,20463,21087,20463,20800,124462,0.016419077404222104
2017-03-23,21137,21233,20608,20849,61089,0.002355769230769189
2017-03-24,21088,23056,21088,22866,950508,0.0967432490766944
2017-03-27,23009,23345,22673,23154,340699,0.01259511939123592
2017-03-28,23201,24449,22961,24307,451655,0.049797011315539486
2017-03-29,24401,24546,23826,24115,255090,-0.007898959147570661
2017-03-30,24114,24211,23299,23875,175294,-0.009952311839104278
2017-03-31,23539,24162,23394,23635,156625,-0.010052356020942455
2017-04-03,23922,24353,23490,24163,191739,0.02233975037021363
2017-04-04,24065,24065,23249,23250,195639,-0.037785043247941075
2017-04-05,23250,24548,23250,23875,319799,0.026881720430107503
2017-04-06,23731,23875,23154,23395,134385,-0.020104712041884798
2017-04-07,23299,24067,23202,23779,131057,0.016413763624706146
2017-04-10,23299,23395,22530,22626,133215,-0.04848816182345772
2017-04-11,22625,23297,22481,23202,95734,0.025457438345266592
2017-04-12,23057,23152,22721,23106,61082,-0.004137574347039097
2017-04-13,23058,23635,22914,23443,121650,0.014584956288409945
2017-04-14,23586,23827,23394,23635,173215,0.008190078061681483
2017-04-17,23491,23971,23010,23779,273967,0.006092659191876404
2017-04-18,23777,23825,23105,23154,216184,-0.02628369569788469
2017-04-19,23249,25362,23249,25172,801837,0.08715556707264405
2017-04-20,25364,26181,25076,26085,479079,0.036270459240425934
2017-04-21,26373,27238,25604,27190,787627,0.042361510446616846
2017-04-24,28004,28341,27861,27910,1530506,0.02648032364840014
2017-04-25,27956,28004,27861,27910,707066,0.0
2017-04-26,27909,28052,27861,27958,544549,0.0017198136868505909
2017-04-27,28005,28052,27909,28006,364331,0.00171686100579449
2017-04-28,27957,28148,27909,28102,216325,0.0034278368920945823
2017-05-02,28052,28148,27957,28006,168099,-0.003416126966052202
2017-05-04,28054,28295,28054,28199,221934,0.006891380418481807
2017-05-08,28150,28247,28054,28199,217032,0.0
2017-05-10,28197,28293,28053,28054,268496,-0.005142026312989767
2017-05-11,28053,28197,28053,28150,154557,0.0034219719113139924
2017-05-12,28148,28197,28053,28054,262315,-0.0034103019538188617
2017-05-15,28053,28100,28053,28054,141190,0.0
2017-05-16,28053,28101,28053,28102,310410,0.0017109859556569962
2017-05-17,28101,28148,28053,28102,336417,0.0
2017-05-18,28150,28247,28102,28199,443682,0.003451711621948572
2017-05-19,28148,28197,27477,28054,197526,-0.005142026312989767
2017-05-22,28052,28100,27669,27958,111414,-0.0034219719113138813
2017-05-23,27670,27958,26901,26998,163181,-0.034337220115888134
2017-05-24,27046,27190,26469,27046,87833,0.0017779094747758517
2017-05-25,27044,27380,26084,26565,134349,-0.017784515270280243
2017-05-26,26373,26661,25797,25941,137985,-0.023489553924336493
2017-05-29,25939,25939,24979,25364,139076,-0.022242781696927616
2017-05-30,25219,25650,25123,25412,70515,0.0018924459864375631
2017-05-31,25411,25554,24787,25508,125170,0.003777742798677819
2017-06-01,25602,25602,24979,25220,67998,-0.011290575505723655
2017-06-02,25267,25698,25123,25604,75995,0.015226011102299708
2017-06-05,25460,25604,24980,25028,96139,-0.02249648492423062
2017-06-07,25027,25410,24979,25172,64235,0.005753556017260575
2017-06-08,25123,25555,24979,25556,129934,0.015255045288415703
2017-06-09,25508,25556,24932,25028,105542,-0.020660510251995667
2017-06-12,24980,24980,24114,24884,106311,-0.005753556017260686
2017-06-13,24884,25028,24548,24836,49957,-0.001928950329529
2017-06-14,24788,24836,24451,24596,48913,-0.009663391850539549
2017-06-15,24596,25220,24596,24692,61806,0.0039030736705154556
2017-06-16,24692,26325,24596,26325,217028,0.06613478049570709
2017-06-19,25939,26083,25219,25316,111894,-0.03832858499525171
2017-06-20,25124,25316,24692,24740,96963,-0.022752409543371765
2017-06-21,24596,25124,24596,24596,42836,-0.005820533548908657
2017-06-22,24594,24642,24402,24451,43966,-0.0058952675231744855
2017-06-23,24739,25891,24691,25508,102149,0.04322931577440592
2017-06-26,25556,25604,24836,24884,42207,-0.024462913595734714
2017-06-27,24740,25412,24644,24980,52246,0.003857900659058
2017-06-28,25075,25554,25075,25268,37627,0.01152922337870299
2017-06-29,25506,25506,24883,25268,48334,0.0
2017-06-30,25076,25316,24788,24788,44548,-0.018996359031185683
2017-07-03,25123,25795,24835,25172,55199,0.015491366790382433
2017-07-04,25460,25460,24884,24932,36919,-0.009534403305259787
2017-07-05,24884,25076,24548,24548,40329,-0.015401893149366241
2017-07-06,24548,24884,24162,24692,55990,0.0058660583346912265
2017-07-07,24692,25028,24500,24836,52778,0.005831848371942394
2017-07-10,24594,24834,24210,24259,48020,-0.02323240457400544
2017-07-11,24209,24449,23874,24019,66625,-0.009893235500226694
2017-07-12,23922,24114,23635,23683,71456,-0.013988925434031407
2017-07-13,23681,23681,22625,22770,149821,-0.038550859266140325
2017-07-14,22626,22818,22242,22434,78773,-0.014756258234519093
2017-07-17,22530,23058,22338,22338,75445,-0.004279219042524707
2017-07-18,22530,22770,22194,22386,80509,0.002148804727370335
2017-07-19,22290,23635,22290,23539,95238,0.05150540516394164
2017-07-20,23585,23585,22865,22962,72796,-0.024512511151705718
2017-07-21,22962,23010,22578,22578,43360,-0.01672328194408157
2017-07-24,22482,22578,22290,22482,41593,-0.0042519266542652145
2017-07-25,22386,22770,22290,22530,28141,0.0021350413664265044
2017-07-26,22481,23248,22481,22770,50776,0.010652463382157196
2017-07-27,22577,23008,22529,22866,23434,0.004216073781291074
2017-07-28,22673,23056,22529,22722,46286,-0.00629755969561796
2017-07-31,22720,22912,21568,21665,80571,-0.04651879235982748
2017-08-01,21328,21999,21328,21857,42426,0.00886222017078242
2017-08-02,21807,21855,21568,21761,46162,-0.0043921855698403345
2017-08-03,21569,21905,20993,21041,62403,-0.03308671476494651
2017-08-04,20849,21521,20704,21089,49028,0.0022812603963688893
2017-08-07,21089,21425,20993,21233,29948,0.006828204277111283
2017-08-08,21185,21665,20849,21041,50814,-0.009042528140159156
2017-08-09,20944,21759,20944,21713,56567,0.031937645549166005
2017-08-10,21424,21903,21280,21761,33948,0.0022106572099662714
2017-08-11,21185,21713,21185,21329,32372,-0.019852028858967863
2017-08-14,21136,21951,21040,21665,43369,0.015753199868723256
2017-08-16,21473,21569,20945,21377,62263,-0.013293330256173519
2017-08-17,21185,21329,20849,21041,66662,-0.015717827571689158
2017-08-18,21041,21473,20897,20993,41316,-0.0022812603963690004
2017-08-21,20993,21329,20897,21137,31282,0.006859429333587297
2017-08-22,21089,21377,20800,20849,35631,-0.013625396224629771
2017-08-23,20849,21041,20752,20897,26718,0.002302268693942233
2017-08-24,20800,21521,20800,21233,47647,0.016078862994688192
2017-08-25,21377,21377,20897,21329,18564,0.004521264070079578
2017-08-28,21136,21615,21136,21569,21808,0.011252285620516611
2017-08-29,21617,21761,20945,21233,32800,-0.01557791274514353
2017-08-30,21375,21471,20799,20800,65407,-0.020392784816088194
2017-08-31,20849,21089,20849,20897,38489,0.004663461538461533
2017-09-01,20943,21087,20415,20512,47130,-0.018423697181413567
2017-09-04,20320,20608,19888,20080,50101,-0.021060842433697324
2017-09-05,19984,20272,19503,19696,54619,-0.01912350597609558
2017-09-06,19501,20030,19406,19455,46305,-0.012235987002436999
2017-09-07,16572,17676,16572,17101,570441,-0.12099717296324852
2017-09-08,16765,16957,15949,15997,300872,-0.06455762820887667
2017-09-11,15947,16187,15659,15708,161114,-0.018065887353878818
2017-09-12,15756,16381,15756,16045,191122,0.021454036159918477
2017-09-13,16043,16187,15419,15516,131045,-0.032969772514802154
2017-09-14,15419,15707,15131,15708,144725,0.012374323279195742
2017-09-15,15564,15564,14892,14892,169756,-0.051948051948051965
2017-09-18,14988,15084,14748,14892,137881,0.0
2017-09-19,14892,15180,14892,14988,95223,0.006446414182111226
2017-09-20,15084,15372,14988,14988,114803,0.0
2017-09-21,15034,15466,14506,14651,207910,-0.02248465439017877
2017-09-22,14698,14794,14266,14363,87168,-0.019657361272268137
2017-09-25,14267,14411,13595,13787,127235,-0.04010304253985941
2017-09-26,13834,14505,13738,14267,166296,0.034815405817073986
2017-09-27,14363,14844,14171,14700,223481,0.030349758183219944
2017-09-28,14699,15400,14400,15150,210531,0.030612244897959107
2017-09-29,15100,16050,14800,15900,277031,0.04950495049504955
2017-10-10,15650,15750,14800,15000,170141,-0.05660377358490565
2017-10-11,14899,15250,14800,15050,93770,0.0033333333333334103
2017-10-12,15050,16150,15000,15950,279600,0.05980066445182719
2017-10-13,15950,16400,15500,16100,170366,0.00940438871473348
2017-10-16,16500,19050,16150,18000,848275,0.11801242236024834
2017-10-17,18200,18250,17100,17300,262699,-0.03888888888888886
2017-10-18,16950,17600,16650,16850,165896,-0.026011560693641633
2017-10-19,17100,17300,16300,16600,141880,-0.014836795252225476
2017-10-20,16450,17200,16450,17200,126272,0.03614457831325302
2017-10-23,16950,17100,16700,16700,88246,-0.029069767441860517
2017-10-24,16650,17100,16400,16950,75442,0.014970059880239583
2017-10-25,17100,18200,17100,17200,232750,0.014749262536873253
2017-10-26,17400,19100,17200,18800,422364,0.09302325581395343
2017-10-27,19350,19650,18550,18600,311216,-0.010638297872340385
2017-10-30,19250,20500,19150,20500,533598,0.10215053763440851
2017-10-31,21000,21100,19600,20250,390353,-0.012195121951219523
2017-11-01,20350,20450,19450,19550,285420,-0.03456790123456788
2017-11-02,19800,20000,18900,19500,153456,-0.002557544757033292
2017-11-03,19750,20000,19550,19950,107093,0.023076923076922995
2017-11-06,20000,20850,19950,20050,224907,0.005012531328320913
2017-11-07,20100,21000,19600,20800,171808,0.03740648379052369
2017-11-08,20800,20800,20150,20450,160253,-0.016826923076923128
2017-11-09,20600,20650,19800,20000,163012,-0.022004889975550168
2017-11-10,19900,20200,19600,19700,79517,-0.015000000000000013
2017-11-13,20000,20900,19300,19800,302490,0.0050761421319796
2017-11-14,20200,20200,19300,19850,115880,0.002525252525252597
2017-11-15,19750,19900,19400,19650,119159,-0.010075566750629705
2017-11-16,19650,20200,19450,19950,168377,0.01526717557251911
2017-11-17,19850,20050,19500,19750,98811,-0.010025062656641603
2017-11-20,19750,20500,19600,20300,202887,0.02784810126582271
2017-11-21,20450,20450,19600,19650,144668,-0.03201970443349755
2017-11-22,19900,19900,19000,19150,123562,-0.025445292620865145
2017-11-23,19400,20100,19250,19700,188801,0.02872062663185382
2017-11-24,19750,19950,19450,19900,71145,0.010152284263959421
2017-11-27,20000,20150,19500,19600,78669,-0.015075376884422065
2017-11-28,19500,20350,19500,20100,163421,0.025510204081632626
2017-11-29,20000,22550,19950,22300,925558,0.1094527363184079
2017-11-30,22300,23400,21500,22400,601178,0.004484304932735439
2017-12-01,22500,22700,21350,22400,283948,0.0
2017-12-04,22450,23450,22000,23200,401654,0.03571428571428581
2017-12-05,23000,23200,21800,22450,263928,-0.032327586206896575
2017-12-06,22050,22650,21600,21650,295076,-0.03563474387527843
2017-12-07,21900,22200,21500,22000,236583,0.01616628175519641
2017-12-08,22050,22150,20300,20450,333953,-0.07045454545454544
2017-12-11,20600,20650,19450,20350,219930,-0.004889975550122272
2017-12-12,20150,20200,19000,19050,281480,-0.06388206388206386
2017-12-13,18950,19800,18900,19500,183747,0.023622047244094446
2017-12-14,19600,19600,18750,18750,485462,-0.038461538461538436
2017-12-15,19100,19150,18550,19050,210991,0.016000000000000014
2017-12-18,19050,19500,18750,18750,216198,-0.015748031496062964
2017-12-19,18350,18400,16500,17150,440361,-0.08533333333333337
2017-12-20,16900,17300,16650,17000,100670,-0.008746355685131157
2017-12-21,16800,16950,16100,16150,158820,-0.050000000000000044
2017-12-22,16100,16800,16000,16750,83912,0.037151702786377694
2017-12-26,17000,17000,16550,16750,104555,0.0
2017-12-27,16500,16599,16100,16350,54441,-0.023880597014925398
2017-12-28,16450,16950,16300,16600,98477,0.015290519877675823
2018-01-02,17050,18000,17000,17500,234853,0.054216867469879526
2018-01-03,17100,17500,17100,17250,93209,-0.014285714285714235
2018-01-04,17400,17400,16850,16850,133154,-0.023188405797101463
2018-01-05,16800,16900,16500,16850,101734,0.0
2018-01-08,16750,16900,16450,16800,93241,-0.0029673590504450953
2018-01-09,16500,17550,16450,17200,203790,0.023809523809523725
2018-01-10,17050,18300,17050,18100,328368,0.05232558139534893
2018-01-11,18450,18450,17750,17800,192919,-0.016574585635359074
2018-01-12,17750,17750,17350,17500,163086,-0.016853932584269704
2018-01-15,17400,17800,16950,17650,157027,0.008571428571428674
2018-01-16,17500,18050,17500,17850,133836,0.011331444759206777
2018-01-17,17900,18450,17550,18350,193737,0.028011204481792618
2018-01-18,18400,18500,17800,17850,205376,-0.027247956403269713
2018-01-19,17850,18200,17550,18100,225913,0.014005602240896309
2018-01-22,18300,19400,18100,18850,505923,0.04143646408839774
2018-01-23,18850,19000,18550,18850,174400,0.0
2018-01-24,18950,18950,18500,18750,132435,-0.0053050397877983935
2018-01-25,18700,19400,18700,19300,192836,0.029333333333333433
2018-01-26,19400,19550,19050,19250,148916,-0.002590673575129543
2018-01-29,19800,19850,18850,19000,238282,-0.012987012987012991
2018-01-30,18800,18950,18600,18650,132063,-0.018421052631578894
2018-01-31,18350,18600,18100,18400,113676,-0.013404825737265424
2018-02-01,18300,19150,18300,19000,191434,0.032608695652173836
2018-02-02,18800,19150,18150,18400,167469,-0.03157894736842104
2018-02-05,18000,18350,17500,17500,140413,-0.048913043478260865
2018-02-06,16700,17400,16450,17400,167366,-0.005714285714285672
2018-02-07,17550,17600,16750,16750,117881,-0.03735632183908044
2018-02-08,16850,17100,16550,16900,111842,0.008955223880596996
2018-02-09,16600,17650,16400,17550,177265,0.03846153846153855
2018-02-12,17550,17550,17000,17100,76361,-0.02564102564102566
2018-02-13,17150,17200,16650,16800,96137,-0.01754385964912286
2018-02-14,16750,16900,16450,16650,86822,-0.008928571428571397
2018-02-19,16900,17150,16750,16950,51909,0.018018018018018056
2018-02-20,16950,17150,16750,16900,41659,-0.002949852507374673
2018-02-21,16900,17050,16700,16950,109935,0.002958579881656709
2018-02-22,16850,17400,16450,17400,139785,0.026548672566371723
2018-02-23,17450,18450,17350,18400,348675,0.05747126436781613
2018-02-26,18400,18500,18050,18450,101594,0.0027173913043478937
2018-02-27,18450,19100,18250,18950,246420,0.027100271002709952
2018-02-28,18800,19500,18350,19350,363878,0.02110817941952514
2018-03-02,19050,19100,18200,18450,219677,-0.046511627906976716
2018-03-05,18300,18650,17900,18250,73274,-0.010840108401083959
2018-03-06,18250,19550,17900,19400,274528,0.06301369863013706
2018-03-07,19050,20200,19050,19650,417619,0.012886597938144284
2018-03-08,19600,20450,19500,19900,240010,0.012722646310432628
2018-03-09,20300,20750,19950,20600,168360,0.035175879396984966
2018-03-12,20750,20950,20050,20400,89431,-0.009708737864077666
2018-03-13,20250,20700,20000,20300,107001,-0.004901960784313708
2018-03-14,20100,20250,19550,19800,105892,-0.024630541871921152
2018-03-15,19650,20500,19300,20450,115140,0.03282828282828287
2018-03-16,20500,20900,20000,20850,111138,0.019559902200489088
2018-03-19,21200,21200,20150,20150,106713,-0.033573141486810565
2018-03-20,20000,20350,19650,20250,104401,0.00496277915632759
2018-03-21,20000,20300,19800,19800,71458,-0.022222222222222254
2018-03-22,19800,20250,19350,19500,96261,-0.015151515151515138
2018-03-23,18700,19200,18350,18350,115706,-0.05897435897435899
2018-03-26,18300,18950,18250,18950,50977,0.032697547683923744
2018-03-27,18950,19300,18750,19000,76237,0.0026385224274405594
2018-03-28,18850,19350,18550,18850,79717,-0.007894736842105288
2018-03-29,19100,19100,18500,18800,52942,-0.0026525198938992522
2018-03-30,18900,18950,18300,18900,103863,0.005319148936170137
2018-04-02,19800,20800,19750,20050,489969,0.060846560846560926
2018-04-03,19800,20600,19700,20200,175221,0.007481296758104827
2018-04-04,20200,20450,18750,18950,221039,-0.061881188118811936
2018-04-05,19050,19450,18650,18950,110510,0.0
2018-04-06,18900,19250,18700,18800,70676,-0.0079155672823219
2018-04-09,18600,19000,18350,18350,128331,-0.02393617021276595
2018-04-10,18350,18450,17750,18200,117103,-0.008174386920980936
2018-04-11,18250,18250,17900,18050,111601,-0.008241758241758212
2018-04-12,18050,18100,17800,17800,113300,-0.013850415512465353
2018-04-13,17750,18100,17750,17950,115586,0.008426966292134797
2018-04-16,18000,18650,18000,18150,191959,0.011142061281337101
2018-04-17,18200,18400,17850,18050,134550,-0.0055096418732781816
2018-04-18,18050,18250,17800,17800,161487,-0.013850415512465353
2018-04-19,18100,18250,17800,18200,176574,0.022471910112359605
2018-04-20,18150,18150,17700,17850,150608,-0.019230769230769273
2018-04-23,17850,17850,16750,16950,488577,-0.050420168067226934
2018-04-24,16900,17600,16900,17200,230377,0.014749262536873253
2018-04-25,17000,17350,16750,16800,145732,-0.023255813953488413
2018-04-26,17000,17750,16850,17450,248162,0.038690476190476275
2018-04-27,17500,17650,17100,17200,159449,-0.014326647564469885
2018-04-30,17500,17500,16900,17250,158235,0.0029069767441860517
2018-05-02,17150,17150,16850,17150,159704,-0.005797101449275366
2018-05-03,17200,17250,16750,16800,162044,-0.020408163265306145
2018-05-04,17500,18000,17200,17550,430348,0.044642857142857206
2018-05-08,18000,18700,17900,18050,441832,0.028490028490028463
2018-05-09,18150,18300,17550,17950,190674,-0.005540166204986097
2018-05-10,17800,17950,17450,17600,188379,-0.01949860724233987
2018-05-11,17800,18250,17700,17850,155059,0.014204545454545414
2018-05-14,18400,18400,17800,18000,286723,0.008403361344537785
2018-05-15,17950,18000,17400,17450,189083,-0.030555555555555558
2018-05-16,17250,17300,16850,16950,153042,-0.028653295128939882
2018-05-17,17050,17550,17050,17200,105161,0.014749262536873253
2018-05-18,17350,18100,17200,17500,263970,0.01744186046511631
2018-05-21,17500,17600,17200,17350,128459,-0.008571428571428563
2018-05-23,17200,17300,17000,17050,164462,-0.01729106628242072
2018-05-24,17050,17400,17000,17250,123304,0.011730205278592365
2018-05-25,16800,16950,16300,16400,337966,-0.049275362318840554
2018-05-28,16300,16550,15900,16550,353665,0.009146341463414531
2018-05-29,16650,16700,16100,16100,125877,-0.027190332326283984
2018-05-30,16149,16300,15800,15900,134526,-0.012422360248447228
2018-05-31,15950,16350,15849,16100,143868,0.012578616352201255
2018-06-01,16100,16100,15700,15750,139277,-0.021739130434782594
2018-06-04,15699,16000,15600,15650,95898,-0.006349206349206327
2018-06-05,15700,15849,15600,15700,102818,0.0031948881789136685
2018-06-07,15750,15950,15700,15750,91680,0.0031847133757962887
2018-06-08,15750,15850,15500,15600,89267,-0.00952380952380949
2018-06-11,15600,15750,15400,15750,107851,0.009615384615384581
2018-06-12,15800,15800,15250,15350,161363,-0.025396825396825418
2018-06-14,15300,15650,15050,15350,465773,0.0
2018-06-15,15500,15550,15200,15400,115316,0.0032573289902280145
2018-06-18,15350,15350,14250,14400,247715,-0.06493506493506496
2018-06-19,14450,14600,14000,14000,110141,-0.02777777777777779
2018-06-20,13849,14400,13849,14100,125996,0.0071428571428571175
2018-06-21,14100,14200,13500,13500,148633,-0.04255319148936165
2018-06-22,13350,13850,13300,13800,99463,0.022222222222222143
2018-06-25,13800,13900,13650,13800,62735,0.0
2018-06-26,13700,13800,13550,13800,68982,0.0
2018-06-27,13700,14400,13650,13800,178457,0.0
2018-06-28,13650,14300,13650,13900,121420,0.007246376811594235
2018-06-29,14100,15500,14100,15300,758416,0.1007194244604317
2018-07-02,15099,16100,15050,15550,521399,0.016339869281045694
2018-07-03,15600,15850,14900,15150,269891,-0.025723472668810254
2018-07-04,15099,15800,15099,15350,144883,0.013201320132013139
2018-07-05,15400,15500,14200,14500,189242,-0.055374592833876246
2018-07-06,14600,17000,14550,16400,886721,0.13103448275862073
2018-07-09,16300,16900,16150,16450,366708,0.0030487804878047697
2018-07-10,17000,17850,16550,16750,734482,0.01823708206686936
2018-07-11,16550,16650,16100,16150,232565,-0.035820895522388096
2018-07-12,16000,16700,15800,16500,235330,0.021671826625387025
2018-07-13,16650,16650,16100,16300,162451,-0.012121212121212088
2018-07-16,16500,16600,15400,15500,241121,-0.049079754601227044
2018-07-17,15600,16350,15600,16200,261735,0.04516129032258065
2018-07-18,16400,16400,15550,15600,176927,-0.03703703703703709
2018-07-19,15600,15850,14100,14200,559448,-0.08974358974358976
2018-07-20,14249,14600,13900,14100,222899,-0.007042253521126751
2018-07-23,13950,14099,13600,13650,162654,-0.03191489361702127
2018-07-24,13500,14100,13400,13900,149395,0.01831501831501825
2018-07-25,13950,14150,13600,13750,104710,-0.010791366906474864
2018-07-26,13700,14100,13700,13950,97693,0.014545454545454639
2018-07-27,13950,14200,13850,14150,81892,0.014336917562723928
2018-07-30,14200,14200,13850,14050,51538,-0.007067137809187329
2018-07-31,14050,14250,13749,13900,104924,-0.010676156583629859
2018-08-01,14000,14950,14000,14950,409530,0.07553956834532372
2018-08-02,14800,14800,14100,14300,203171,-0.04347826086956519
2018-08-03,14300,14500,14300,14400,72618,0.006993006993007089
2018-08-06,14400,15150,14400,14600,180260,0.01388888888888884
2018-08-07,14650,14900,14350,14550,140359,-0.003424657534246589
2018-08-08,14650,14650,14299,14350,70469,-0.013745704467353903
2018-08-09,14349,14450,14200,14300,78407,-0.0034843205574912606
2018-08-10,14250,14400,13900,14400,132388,0.006993006993007089
2018-08-13,14150,14200,13550,13650,185310,-0.05208333333333337
2018-08-14,13650,13800,13300,13350,129934,-0.02197802197802201
2018-08-16,13050,13150,12350,12600,258046,-0.0561797752808989
2018-08-17,12600,13000,12600,12750,99832,0.011904761904761862
2018-08-20,12800,12949,12650,12700,64955,-0.0039215686274509665
2018-08-21,12650,13099,12550,12950,102674,0.019685039370078705
2018-08-22,12950,13049,12750,12900,55039,-0.0038610038610038533
2018-08-23,13200,13650,13150,13450,249243,0.04263565891472876
2018-08-24,13450,13800,13150,13550,123587,0.0074349442379182396
2018-08-27,13550,13600,13150,13150,87819,-0.029520295202952074
2018-08-28,13200,13250,13099,13150,55094,0.0
2018-08-29,13150,13400,13150,13400,56886,0.019011406844106515
2018-08-30,13949,13949,13500,13500,138608,0.00746268656716409
2018-08-31,13450,13549,13250,13500,83842,0.0
2018-09-03,13400,13699,13200,13250,72166,-0.01851851851851849
2018-09-04,13250,13650,13200,13600,53519,0.026415094339622636
2018-09-05,13650,14300,13550,13800,212740,0.014705882352941124
2018-09-06,13800,13950,13499,13550,49138,-0.018115942028985477
2018-09-07,13500,13700,13400,13500,46412,-0.0036900369003689537
2018-09-10,13350,13499,13150,13150,59437,-0.025925925925925908
2018-09-11,13150,13499,13150,13350,40391,0.015209125475285079
2018-09-12,13350,13500,13250,13450,53811,0.0074906367041198685
2018-09-13,13500,13700,13350,13600,74845,0.011152416356877248
2018-09-14,13749,13949,13549,13900,82241,0.022058823529411686
2018-09-17,14000,14150,13750,14000,108898,0.007194244604316502
2018-09-18,14050,14050,13700,13800,49939,-0.014285714285714235
2018-09-19,13800,14000,13600,13650,47055,-0.010869565217391353
2018-09-20,13900,13900,13550,13600,45233,-0.00366300366300365
2018-09-21,13900,14050,13650,14000,86286,0.02941176470588225
2018-09-27,14000,14200,13900,14000,60006,0.0
2018-09-28,14100,14150,13750,14100,92523,0.0071428571428571175
2018-10-01,14200,14900,13949,14700,258541,0.042553191489361764
2018-10-02,14750,14850,13750,13750,255714,-0.06462585034013602
2018-10-04,13750,13750,12800,13050,210172,-0.050909090909090904
2018-10-05,12750,13049,12649,12900,98935,-0.011494252873563204
2018-10-08,12800,13099,12699,12750,32231,-0.011627906976744207
2018-10-10,12650,12900,11899,11950,130159,-0.06274509803921569
2018-10-11,11250,11550,10500,10650,258445,-0.10878661087866104
2018-10-12,10400,11050,10400,10900,103224,0.023474178403755763
2018-10-15,10950,10950,10100,10100,136005,-0.07339449541284404
2018-10-16,10200,10600,10200,10400,104108,0.02970297029702973
2018-10-17,10600,10900,10500,10700,79028,0.028846153846153744
2018-10-18,10800,10850,10350,10550,59291,-0.014018691588784993
2018-10-19,10350,10600,10100,10450,76705,-0.009478672985781977
2018-10-22,10400,11550,10400,10900,339451,0.04306220095693769
2018-10-23,10800,10850,10400,10450,98217,-0.041284403669724745
2018-10-24,10550,10750,10150,10200,88163,-0.02392344497607657
2018-10-25,9800,9900,9580,9710,113415,-0.04803921568627456
2018-10-26,9760,9950,9290,9320,130674,-0.040164778578784754
2018-10-29,9100,9390,8200,8440,163872,-0.09442060085836912
2018-10-30,8049,8650,8049,8650,189232,0.024881516587677677
2018-10-31,8620,8810,8480,8810,84250,0.018497109826589586
2018-11-01,8840,9180,8840,8960,85849,0.017026106696935273
2018-11-02,9060,9450,9060,9290,101221,0.036830357142857206
2018-11-05,9290,9290,9010,9280,50023,-0.0010764262648008671
2018-11-06,9300,9470,9150,9300,69933,0.0021551724137931494
2018-11-07,9440,9470,9020,9100,80800,-0.021505376344086002
2018-11-08,9280,9290,9070,9130,69039,0.003296703296703285
2018-11-09,9130,9150,8990,9050,52282,-0.008762322015334112
2018-11-12,8900,9410,8250,8450,216496,-0.06629834254143652
2018-11-13,8300,8400,7990,8300,131777,-0.017751479289940808
2018-11-14,8300,8560,8200,8360,84549,0.0072289156626506035
2018-11-15,8540,10150,8530,9540,1548982,0.1411483253588517
2018-11-16,9540,10350,9540,9650,800969,0.011530398322851187
2018-11-19,9820,10100,9660,9800,246522,0.015544041450777257
2018-11-20,9540,9700,9400,9510,164300,-0.0295918367346939
2018-11-21,9380,12350,9230,12350,2507364,0.29863301787592
2018-11-22,13200,13950,12550,13000,4196127,0.05263157894736836
2018-11-23,12900,13099,12450,12950,1456617,-0.0038461538461538325
2018-11-26,12649,12950,12000,12100,781549,-0.06563706563706562
2018-11-27,12049,12750,12000,12100,1297180,0.0
2018-11-28,12300,12800,12049,12100,842038,0.0
2018-11-29,12400,12400,11650,11900,484649,-0.016528925619834656
2018-11-30,12050,13250,11899,12750,2453673,0.0714285714285714
2018-12-03,13000,13250,12500,12700,856447,-0.0039215686274509665
2018-12-04,12699,12750,12000,12150,601196,-0.04330708661417326
2018-12-05,11800,12100,11749,11900,369818,-0.020576131687242816
2018-12-06,12000,12000,11050,11100,376784,-0.0672268907563025
2018-12-07,11300,11650,11200,11450,405004,0.03153153153153143
2018-12-10,11250,12099,11200,11450,398839,0.0
2018-12-11,11650,11700,10850,10900,246520,-0.048034934497816595
2018-12-12,11000,11650,11000,11500,297325,0.05504587155963292
2018-12-13,11600,11899,11250,11750,270217,0.021739130434782705
2018-12-14,11650,11750,11200,11350,193406,-0.03404255319148941
2018-12-17,11350,11450,10950,11250,132112,-0.008810572687224627
2018-12-18,11050,11800,10850,11300,229140,0.004444444444444473
2018-12-19,11300,11650,11300,11450,134826,0.01327433628318575
2018-12-20,11350,11700,11150,11200,165166,-0.02183406113537123
2018-12-21,11200,11400,10850,10850,145611,-0.03125
2018-12-24,10750,11100,10500,10500,130508,-0.032258064516129004
2018-12-26,10150,10400,10050,10200,146530,-0.02857142857142858
2018-12-27,10450,10950,10350,10800,111028,0.05882352941176472
2018-12-28,10900,11050,10750,10900,68530,0.0092592592592593
2019-01-02,11150,11150,10300,10450,83637,-0.041284403669724745
2019-01-03,10450,10700,10150,10250,73959,-0.019138755980861233
2019-01-04,10250,10500,10000,10500,81963,0.024390243902439046
2019-01-07,10650,11000,10550,10650,96544,0.014285714285714235
2019-01-08,10800,11850,10700,10700,547365,0.0046948356807512415
2019-01-09,10900,10950,10600,10850,131656,0.014018691588784993
2019-01-10,10950,10950,10600,10600,112215,-0.02304147465437789
2019-01-11,10600,10950,10600,10800,92880,0.018867924528301883
2019-01-14,10750,11400,10750,11000,257887,0.0185185185185186
2019-01-15,11100,11300,11000,11200,115492,0.018181818181818077
2019-01-16,11300,11300,10900,11100,116135,-0.008928571428571397
2019-01-17,11100,11200,10650,10650,101500,-0.04054054054054057
2019-01-18,10750,10850,10600,10650,74945,0.0
2019-01-21,10800,11050,10700,10900,109059,0.023474178403755763
2019-01-22,11000,11550,10800,11450,241568,0.050458715596330306
2019-01-23,11450,12400,11400,11550,606796,0.008733624454148492
2019-01-24,12000,12350,11600,12200,487925,0.05627705627705626
2019-01-25,12349,12349,11900,12300,264469,0.008196721311475308
2019-01-28,12400,12449,12000,12100,191534,-0.016260162601625994
2019-01-29,12050,12400,11850,11900,207598,-0.016528925619834656
2019-01-30,12050,12150,11850,11950,110886,0.004201680672268893
2019-01-31,12050,12150,11899,11950,79698,0.0
2019-02-01,11950,12350,11950,12050,125412,0.008368200836819994
2019-02-07,12050,12149,11749,11900,90254,-0.012448132780082943
2019-02-08,11700,11750,11550,11700,119699,-0.01680672268907568
2019-02-11,11600,11700,11250,11550,89082,-0.012820512820512775
2019-02-12,11550,11650,11400,11550,65222,0.0
2019-02-13,11900,11900,11550,11700,52800,0.01298701298701288
2019-02-14,11800,12600,11750,12000,361289,0.02564102564102555
2019-02-15,12100,12699,11800,12350,494187,0.029166666666666563
2019-02-18,12800,12850,12200,12350,233423,0.0
2019-02-19,12300,12850,12100,12800,232384,0.036437246963562764
2019-02-20,13050,15000,13000,14750,3357369,0.15234375
2019-02-21,14850,16250,14550,15450,2088525,0.047457627118643986
2019-02-22,15400,15800,15000,15450,648357,0.0
2019-02-25,15350,15650,14899,15450,529074,0.0
2019-02-26,15449,15500,14500,14500,641686,-0.06148867313915862
2019-02-27,14550,14950,14500,14800,284035,0.020689655172413834
2019-02-28,14700,14900,14100,14100,303372,-0.04729729729729726
2019-03-04,14350,15150,14350,14950,370218,0.06028368794326244
2019-03-05,14850,14900,14100,14350,259074,-0.04013377926421402
2019-03-06,14450,14450,13800,14050,229802,-0.020905923344947785
2019-03-07,14050,14850,13800,14550,516459,0.03558718861209975
2019-03-08,14400,15349,14149,15100,719505,0.037800687285223455
2019-03-11,15350,15550,14150,15200,386051,0.0066225165562914245
2019-03-12,15150,15150,14400,14750,357834,-0.02960526315789469
2019-03-13,14800,15850,14650,15000,1215895,0.016949152542372836
2019-03-14,14899,14950,14499,14650,356748,-0.023333333333333317
2019-03-15,14800,15650,14650,15600,1179275,0.06484641638225264
2019-03-18,15600,15950,15350,15850,1104904,0.01602564102564097
2019-03-19,15950,16150,15700,15950,485011,0.006309148264984188
2019-03-20,16050,16050,15200,15800,424639,-0.009404388714733591
2019-03-21,15750,15750,14699,14750,447319,-0.06645569620253167
2019-03-22,14750,14950,13700,13950,615961,-0.05423728813559325
2019-03-25,13550,13800,13000,13250,431085,-0.05017921146953408
2019-03-26,13549,13700,13349,13500,324016,0.018867924528301883
2019-03-27,13550,13600,12899,13050,265801,-0.033333333333333326
2019-03-28,12900,13150,12350,12500,332711,-0.04214559386973182
2019-03-29,12550,12750,12150,12650,297138,0.01200000000000001
2019-04-01,12950,13099,12200,12350,519575,-0.02371541501976282
2019-04-02,12449,12700,12300,12500,201525,0.012145748987854255
2019-04-03,12500,12700,12250,12600,153267,0.008000000000000007
2019-04-04,12750,13000,12500,13000,312542,0.031746031746031855
2019-04-05,13099,13099,12500,12550,321314,-0.0346153846153846
2019-04-08,12750,13250,12700,13050,507410,0.03984063745019917
2019-04-09,13099,13400,12600,13350,420255,0.02298850574712641
2019-04-10,13299,13350,13000,13050,226459,-0.022471910112359605
2019-04-11,13100,13300,12800,13000,190906,-0.003831417624521105
2019-04-12,12950,13450,12850,13400,308439,0.03076923076923066
2019-04-15,13699,14650,13550,14250,988424,0.06343283582089554
2019-04-16,14200,14450,13900,14300,332065,0.0035087719298245723
2019-04-17,14250,14450,13800,13800,210247,-0.034965034965035
2019-04-18,13950,13950,13400,13650,255412,-0.010869565217391353
2019-04-19,13499,14500,13499,14150,516388,0.03663003663003672
2019-04-22,14300,14349,13850,13900,162715,-0.017667844522968212
2019-04-23,13950,14250,13700,13750,138580,-0.010791366906474864
2019-04-24,14000,14000,13400,13450,142838,-0.021818181818181848
2019-04-25,13650,13750,13200,13200,181788,-0.018587360594795488
2019-04-26,13200,13550,13100,13400,125236,0.015151515151515138
2019-04-29,13649,13649,12900,13300,182659,-0.007462686567164201
2019-04-30,13250,13350,12800,13150,179070,-0.011278195488721776
2019-05-02,13150,13750,13050,13650,147261,0.03802281368821303
2019-05-03,13550,13850,13500,13800,133636,0.01098901098901095
2019-05-07,13450,13600,13150,13150,180796,-0.047101449275362306
2019-05-08,12650,13000,12500,12700,190695,-0.034220532319391594
2019-05-09,12700,12950,11450,11450,453374,-0.09842519685039375
2019-05-10,11450,11950,11350,11700,194747,0.02183406113537112
2019-05-13,11500,12050,11200,11250,127858,-0.038461538461538436
2019-05-14,10900,11650,10800,11500,208226,0.022222222222222143
2019-05-15,11700,11950,11600,11700,117259,0.017391304347825987
2019-05-16,11750,11750,11150,11350,193036,-0.02991452991452992
2019-05-17,11400,11650,11050,11100,140768,-0.022026431718061623
2019-05-20,11050,11600,11050,11150,142971,0.0045045045045044585
2019-05-21,11100,11500,11100,11400,93223,0.022421524663677195
2019-05-22,11649,11800,11350,11700,124823,0.026315789473684292
2019-05-23,11600,11600,10000,10000,676420,-0.14529914529914534
2019-05-24,10050,10300,9950,10050,172992,0.004999999999999893
2019-05-27,9870,10350,9840,10000,189438,-0.00497512437810943
2019-05-28,10100,10300,10050,10300,87074,0.030000000000000027
2019-05-29,10300,10300,9990,10200,72801,-0.009708737864077666
2019-05-30,10600,10850,10400,10700,227521,0.0490196078431373
2019-05-31,10700,11150,10600,11000,122331,0.028037383177569986
2019-06-03,11000,11050,10700,10950,63137,-0.004545454545454519
2019-06-04,10950,11050,10750,11000,79998,0.004566210045662045
2019-06-05,11100,11550,11100,11400,141876,0.036363636363636376
2019-06-07,11600,11900,11400,11800,114088,0.03508771929824572
2019-06-10,11800,11850,11450,11650,86310,-0.012711864406779627
2019-06-11,11699,12000,11550,11850,94277,0.01716738197424883
2019-06-12,11850,12000,11749,11900,66657,0.00421940928270037
2019-06-13,11950,12300,11850,12050,107370,0.012605042016806678
2019-06-14,12050,12350,11800,11800,127203,-0.020746887966805017
2019-06-17,11949,12050,11800,11900,71387,0.008474576271186418
2019-06-18,12000,12250,11750,11950,139252,0.004201680672268893
2019-06-19,12100,12250,11900,11900,87577,-0.004184100418409997
2019-06-20,11850,12000,11700,12000,77698,0.008403361344537785
2019-06-21,12000,12099,11500,11650,139943,-0.029166666666666674
2019-06-24,11650,11750,11450,11600,32053,-0.0042918454935622075
2019-06-25,11500,11650,11450,11550,67765,-0.004310344827586188
2019-06-26,11500,11800,11350,11700,89988,0.01298701298701288
2019-06-27,11699,11850,11550,11650,65882,-0.004273504273504258
2019-06-28,11650,11700,11100,11550,148700,-0.008583690987124415
2019-07-01,11650,12450,11600,11900,193279,0.030303030303030276
2019-07-02,11950,12050,11750,11850,95727,-0.004201680672268893
2019-07-03,11850,11900,11550,11600,65347,-0.021097046413502074
2019-07-04,11600,11650,11350,11650,48114,0.004310344827586299
2019-07-05,11550,12350,11499,11950,249642,0.025751072961373467
2019-07-08,11900,11900,11200,11300,115220,-0.05439330543933052
2019-07-09,11350,11500,10900,11000,86217,-0.026548672566371723
2019-07-10,11000,11200,10900,11000,77340,0.0
2019-07-11,11100,11400,11100,11200,79388,0.018181818181818077
2019-07-12,11250,11600,11150,11500,65949,0.02678571428571419
2019-07-15,11450,11600,11350,11450,29441,-0.004347826086956497
2019-07-16,11400,11600,11300,11400,36977,-0.004366812227074246
2019-07-17,11300,11450,10850,11200,89565,-0.01754385964912286
2019-07-18,11200,11300,11050,11200,63387,0.0
2019-07-19,11200,11650,11150,11300,88548,0.008928571428571397
2019-07-22,11300,11500,11200,11300,29916,0.0
2019-07-23,11700,11700,11250,11250,37421,-0.004424778761061954
2019-07-24,11350,11350,11000,11050,56829,-0.01777777777777778
2019-07-25,11000,11050,10600,10750,124872,-0.02714932126696834
2019-07-26,10650,10900,10400,10700,50184,-0.0046511627906976605
2019-07-29,10550,10700,10000,10000,133135,-0.06542056074766356
2019-07-30,9900,10300,9900,10150,49300,0.014999999999999902
2019-07-31,10050,10750,9770,10050,154770,-0.009852216748768461
2019-08-01,10050,10100,9800,9970,66148,-0.007960199004975133
2019-08-02,9800,9840,9400,9790,78330,-0.01805416248746239
2019-08-05,9650,9790,8810,8810,135842,-0.10010214504596526
2019-08-06,8490,8880,8310,8700,199680,-0.012485811577752526
2019-08-07,8400,8860,8290,8580,264461,-0.01379310344827589
2019-08-08,8650,10150,8580,9590,1003266,0.11771561771561778
2019-08-09,9650,9720,9300,9580,261563,-0.0010427528675703845
2019-08-12,9730,10600,9630,10350,775209,0.08037578288100211
2019-08-13,10200,10950,10200,10500,227957,0.01449275362318847
2019-08-14,10850,10900,10350,10350,111163,-0.014285714285714235
2019-08-16,10200,10650,10200,10350,78321,0.0
2019-08-19,10400,10550,10300,10350,45149,0.0
2019-08-20,10350,10700,10300,10600,88647,0.024154589371980784
2019-08-21,10600,10700,10400,10550,28176,-0.004716981132075526
2019-08-22,10750,10750,10400,10400,37422,-0.014218009478673022
2019-08-23,10300,10700,10250,10350,69386,-0.004807692307692291
2019-08-26,10100,10200,9930,9940,40431,-0.03961352657004835
2019-08-27,10100,10200,9900,9900,47549,-0.004024144869215318
2019-08-28,9850,10100,9850,10000,38208,0.010101010101010166
2019-08-29,9960,10250,9960,10000,59476,0.0
2019-08-30,10350,10350,10050,10150,106330,0.014999999999999902
2019-09-02,10150,10250,10050,10100,50760,-0.0049261083743842304
2019-09-03,10100,11650,10100,11250,761890,0.11386138613861396
2019-09-04,11300,11400,11050,11300,126467,0.004444444444444473
2019-09-05,11300,11950,11050,11150,244132,-0.013274336283185861
2019-09-06,11200,11400,11050,11200,72685,0.004484304932735439
2019-09-09,11200,11600,11150,11450,127722,0.022321428571428603
2019-09-10,11450,11450,11050,11100,87435,-0.03056768558951961
2019-09-11,11100,11400,10900,11350,85920,0.022522522522522515
2019-09-16,11350,11650,11350,11600,71007,0.022026431718061623
2019-09-17,11600,11850,11400,11550,80147,-0.004310344827586188
2019-09-18,11550,11800,11250,11650,151495,0.008658008658008587
2019-09-19,11800,11800,11350,11500,59284,-0.012875536480686733
2019-09-20,11450,11650,11450,11500,51015,0.0
2019-09-23,11400,11500,11250,11350,34163,-0.013043478260869601
2019-09-24,11500,11600,11350,11450,58024,0.008810572687224738
2019-09-25,11400,11550,10900,11000,75090,-0.0393013100436681
2019-09-26,11050,11250,10650,10700,66115,-0.027272727272727226
2019-09-27,10800,11350,10800,11200,124202,0.04672897196261672
2019-09-30,11200,11550,11100,11150,75309,-0.004464285714285698
2019-10-01,11400,11400,11050,11150,42548,0.0
2019-10-02,11000,11100,10700,10800,41574,-0.03139013452914796
2019-10-04,10750,10800,10450,10650,54706,-0.01388888888888884
2019-10-07,10550,10750,10200,10350,69786,-0.028169014084507005
2019-10-08,10200,11000,10200,10800,101122,0.04347826086956519
2019-10-10,10800,10800,10350,10450,46942,-0.03240740740740744
2019-10-11,10850,11150,10650,10700,77997,0.02392344497607657
2019-10-14,10950,11050,10800,10800,32136,0.009345794392523255
2019-10-15,10800,11150,10800,11000,53745,0.0185185185185186
2019-10-16,11100,11200,10900,11100,38493,0.009090909090909038
2019-10-17,11150,11300,10950,11000,40626,-0.009009009009009028
2019-10-18,11250,11250,11000,11100,37584,0.009090909090909038
2019-10-21,11100,11250,10700,11000,51864,-0.009009009009009028
2019-10-22,11000,11100,10650,10950,95360,-0.004545454545454519
2019-10-23,10900,11100,10800,10850,45249,-0.0091324200913242
2019-10-24,10800,11300,10800,11200,125060,0.032258064516129004
2019-10-25,11300,11350,11000,11050,43086,-0.013392857142857095
2019-10-28,11150,11350,11100,11150,63538,0.009049773755656076
2019-10-29,11150,11450,10950,11000,107611,-0.013452914798206317
2019-10-30,11000,11550,10950,11450,196898,0.040909090909091006
2019-10-31,11400,12149,11349,11900,366903,0.0393013100436681
2019-11-01,12050,12100,11650,11900,114262,0.0
2019-11-04,12099,12150,11699,11850,113175,-0.004201680672268893
2019-11-05,11900,12050,11600,11850,128028,0.0
2019-11-06,11750,11950,11500,11600,201104,-0.021097046413502074
2019-11-07,11600,11700,11000,11150,200660,-0.03879310344827591
2019-11-08,11450,11600,11300,11350,163863,0.017937219730941756
2019-11-11,11550,11600,11150,11350,75307,0.0
2019-11-12,11350,11400,10850,11000,145695,-0.03083700440528636
2019-11-13,11000,11050,10650,10750,88038,-0.022727272727272707
2019-11-14,10650,10750,10400,10550,113680,-0.018604651162790753
2019-11-15,10500,10600,10350,10450,82271,-0.009478672985781977
2019-11-18,10500,10500,10150,10200,113347,-0.02392344497607657
2019-11-19,10100,10150,9860,9980,165396,-0.021568627450980427
2019-11-20,9950,10000,9600,9630,126375,-0.0350701402805611
2019-11-21,9630,9750,9330,9470,83029,-0.01661474558670817
2019-11-22,9400,9580,9340,9360,51621,-0.011615628299894376
2019-11-25,9490,9710,9440,9670,72214,0.033119658119658224
2019-11-26,9870,9870,9670,9780,64777,0.011375387797311287
2019-11-27,9880,9990,9800,9820,89603,0.004089979550102152
2019-11-28,9770,9960,9770,9870,47052,0.005091649694501044
2019-11-29,10250,11500,10000,10200,1641938,0.033434650455927084
2019-12-02,10100,10350,9980,10150,134018,-0.004901960784313708
2019-12-03,10000,10050,9810,9850,172962,-0.029556650246305383
2019-12-04,9850,9930,9670,9690,77219,-0.01624365482233503
2019-12-05,9840,9900,9450,9540,58045,-0.015479876160990669
2019-12-06,9440,9740,9440,9530,43976,-0.0010482180293500676
2019-12-09,9600,9690,9400,9600,53491,0.007345225603357708
2019-12-10,9700,9950,9600,9870,76120,0.028124999999999956
2019-12-11,10200,10250,9880,9910,89924,0.004052684903748771
2019-12-12,9980,10050,9880,9960,30104,0.005045408678102881
2019-12-13,10200,10950,10150,10200,587496,0.024096385542168752
2019-12-16,10300,10300,10050,10150,81932,-0.004901960784313708
2019-12-17,10150,10200,9990,10050,93337,-0.009852216748768461
2019-12-18,10050,10350,10050,10150,74954,0.00995024875621886
2019-12-19,10200,10700,10050,10650,199421,0.049261083743842304
2019-12-20,10700,10750,10350,10400,127254,-0.023474178403755874
2019-12-23,10500,10500,10050,10300,135199,-0.009615384615384581
2019-12-24,10250,10300,9920,9940,85764,-0.03495145631067964
2019-12-26,10200,10450,10100,10300,124859,0.03621730382293764
2019-12-27,10300,10450,10200,10350,47294,0.004854368932038833
2019-12-30,10400,10400,10250,10250,47387,-0.009661835748792313
2020-01-02,10300,10700,10250,10650,119854,0.039024390243902474
2020-01-03,10750,10900,10600,10650,115211,0.0
2020-01-06,10550,10550,10300,10450,63872,-0.018779342723004744
2020-01-07,10450,11100,10450,10900,250217,0.04306220095693769
2020-01-08,10800,10900,10250,10300,156430,-0.05504587155963303
2020-01-09,10600,11050,10600,10900,148701,0.058252427184465994
2020-01-10,11100,11100,10900,11000,115898,0.00917431192660545
2020-01-13,11200,12899,11100,11650,1517560,0.05909090909090908
2020-01-14,11850,12299,11650,11950,520579,0.025751072961373467
2020-01-15,11950,12250,11800,12050,203446,0.008368200836819994
2020-01-16,12350,12400,11900,12200,128775,0.012448132780082943
2020-01-17,12200,12600,12100,12500,207162,0.024590163934426146
2020-01-20,12750,13299,12250,12450,449634,-0.0040000000000000036
2020-01-21,12250,12450,11850,12200,217316,-0.02008032128514059
2020-01-22,12000,13400,11850,13250,746291,0.08606557377049184
2020-01-23,13000,13150,12350,12750,360635,-0.037735849056603765
2020-01-28,11300,11500,10700,10850,722098,-0.14901960784313728
2020-01-29,11000,11100,10550,10850,327159,0.0
2020-01-30,10850,10900,10000,10150,373530,-0.06451612903225812
2020-01-31,10150,10300,9840,9840,219424,-0.030541871921182295
2020-02-03,9450,10150,9320,10100,196330,0.026422764227642226
2020-02-04,10100,10900,10050,10750,267171,0.06435643564356441
2020-02-05,10750,11400,10650,11050,260106,0.027906976744185963
2020-02-06,11150,11650,11150,11250,207961,0.018099547511312153
2020-02-07,11150,11700,11150,11700,218031,0.040000000000000036
2020-02-10,11700,12150,11550,11950,219386,0.02136752136752129
2020-02-11,12000,12150,11750,11800,134871,-0.012552301255230103
2020-02-12,11700,12050,11450,11900,168246,0.008474576271186418
2020-02-13,12250,12500,11800,12000,224400,0.008403361344537785
2020-02-14,12050,12150,11850,11850,74449,-0.012499999999999956
2020-02-17,11850,12250,11650,12000,102603,0.012658227848101333
2020-02-18,12049,12100,11649,11700,83007,-0.025000000000000022
2020-02-19,11700,11899,11150,11350,107374,-0.02991452991452992
2020-02-20,11450,11800,10950,11200,197838,-0.013215859030836996
2020-02-21,11050,11950,10800,11450,372631,0.022321428571428603
2020-02-24,10950,11300,10700,10750,154934,-0.06113537117903933
2020-02-25,10650,11250,10400,11150,155489,0.037209302325581506
2020-02-26,10800,11400,10750,11200,86077,0.004484304932735439
2020-02-27,11300,11450,10650,11100,119538,-0.008928571428571397
2020-02-28,10800,11000,9990,10150,277321,-0.0855855855855856
2020-03-02,10000,10450,9910,10350,90668,0.019704433497536922
2020-03-03,10650,10950,10300,10300,88799,-0.004830917874396157
2020-03-04,10200,10700,10200,10650,96894,0.03398058252427183
2020-03-05,10800,11250,10650,11100,164071,0.04225352112676051
2020-03-06,10800,11000,10400,10650,133714,-0.04054054054054057
2020-03-09,10250,10300,9870,9910,261627,-0.06948356807511735
2020-03-10,9730,10250,9630,10200,142314,0.029263370332996974
2020-03-11,10250,10300,9560,9770,149979,-0.042156862745098
2020-03-12,9700,9980,8980,9080,210306,-0.07062436028659158
2020-03-13,8200,8980,7860,8310,234406,-0.0848017621145375
2020-03-16,8400,8750,7800,7800,144308,-0.06137184115523464
2020-03-17,7300,8060,7100,7700,150348,-0.012820512820512775
2020-03-18,7840,8200,7370,7400,233341,-0.038961038961038974
2020-03-19,7510,7840,5230,5790,317620,-0.21756756756756757
2020-03-20,5790,6600,5730,6440,178330,0.11226252158894656
2020-03-23,6170,6370,5920,6000,71155,-0.06832298136645965
2020-03-24,6130,7150,6080,7140,233851,0.18999999999999995
2020-03-25,7520,7690,7210,7640,212224,0.07002801120448177
2020-03-26,7810,8100,7400,7750,231055,0.014397905759162333
2020-03-27,8080,8080,7460,7780,215205,0.003870967741935516
2020-03-30,7480,8100,7300,7870,150048,0.011568123393316254
2020-03-31,8070,8230,7870,8050,125210,0.02287166454891998
2020-04-01,8000,8230,7830,7890,101748,-0.019875776397515477
2020-04-02,8020,8150,7730,8150,65831,0.032953105196451116
2020-04-03,8360,8370,8050,8160,90249,0.0012269938650306678
2020-04-06,8160,8650,8160,8620,103184,0.056372549019607865
2020-04-07,8940,9000,8530,8830,152868,0.024361948955916368
2020-04-08,8870,9620,8670,9290,318364,0.05209513023782564
2020-04-09,9400,9550,9120,9170,133005,-0.012917115177610294
2020-04-10,9250,9500,8820,9480,144676,0.03380588876772084
2020-04-13,9550,10350,9310,9450,436358,-0.0031645569620253333
2020-04-14,9620,9940,9540,9800,129788,0.03703703703703698
2020-04-16,9800,10150,9730,10050,100238,0.025510204081632626
2020-04-17,10300,10550,10050,10200,191018,0.014925373134328401
2020-04-20,10300,10450,10100,10200,169560,0.0
2020-04-21,10200,10800,9940,10200,652092,0.0
2020-04-22,10050,10450,9900,10400,166741,0.019607843137254832
2020-04-23,10600,10600,10200,10200,157516,-0.019230769230769273
2020-04-24,10100,10250,9970,9970,95514,-0.022549019607843168
2020-04-27,10050,10250,9990,10200,103462,0.02306920762286868
2020-04-28,10250,10500,10100,10200,170181,0.0
2020-04-29,10200,10400,10050,10150,142596,-0.004901960784313708
2020-05-04,10000,10250,9910,10150,88323,0.0
2020-05-06,10250,10350,10050,10300,101992,0.014778325123152802
2020-05-07,10250,10600,10200,10350,138944,0.004854368932038833
2020-05-08,10450,10500,10250,10350,98829,0.0
2020-05-11,10400,10400,10100,10100,89807,-0.024154589371980673
2020-05-12,10050,10250,9750,9860,203410,-0.023762376237623783
2020-05-13,9850,9880,9700,9810,105262,-0.005070993914807254
2020-05-14,10000,10050,9680,9760,119667,-0.0050968399592252744
2020-05-15,9820,9870,9650,9740,74296,-0.002049180327868827
2020-05-18,9670,9720,8970,9480,160071,-0.026694045174537995
2020-05-19,9690,9840,9540,9840,135542,0.03797468354430378
2020-05-20,9840,10100,9840,10100,146808,0.026422764227642226
2020-05-21,10150,10150,9860,9890,139178,-0.02079207920792081
2020-05-22,9900,9930,9550,9580,90424,-0.03134479271991908
2020-05-25,9510,9580,9300,9440,117184,-0.014613778705636737
2020-05-26,9490,9660,9470,9620,65371,0.019067796610169552
2020-05-27,9640,9640,9500,9580,75528,-0.004158004158004158
2020-05-28,9640,9730,8790,9420,89551,-0.01670146137787054
2020-05-29,9320,9330,9000,9200,100241,-0.023354564755838636
2020-06-01,9200,9290,9120,9250,67002,0.005434782608695565
2020-06-02,9330,9330,9090,9250,62922,0.0
2020-06-03,9330,9420,9240,9350,135486,0.0108108108108107
2020-06-04,9390,9810,9360,9560,208276,0.022459893048128343
2020-06-05,9620,9730,9490,9650,84719,0.009414225941422494
2020-06-08,9790,9790,9570,9660,54718,0.0010362694300518616
2020-06-09,9710,9710,9440,9480,69089,-0.018633540372670843
2020-06-10,9480,9600,9340,9460,81828,-0.002109704641350185
2020-06-11,9380,9520,9150,9200,97970,-0.02748414376321351
2020-06-12,8610,8990,8610,8870,103791,-0.035869565217391264
2020-06-15,8850,8910,7970,8060,172702,-0.09131905298759868
2020-06-16,8250,8900,8109,8750,75068,0.0856079404466501
2020-06-17,8740,9020,8450,9020,96404,0.030857142857142916
2020-06-18,8970,9150,8820,9050,75912,0.003325942350332678
2020-06-19,9020,9100,8850,8960,88434,-0.009944751381215422
2020-06-22,8850,9110,8720,8750,54147,-0.0234375
2020-06-23,8900,8930,8480,8500,45862,-0.02857142857142858
2020-06-24,8550,8780,8410,8630,49549,0.015294117647058902
2020-06-25,8400,8520,8350,8450,52563,-0.02085747392815762
2020-06-26,8560,8570,8350,8400,29161,-0.00591715976331364
2020-06-29,8300,8350,8060,8120,63770,-0.033333333333333326
2020-06-30,8280,10500,7700,9280,3574020,0.1428571428571428
2020-07-01,9000,9090,8360,8480,507598,-0.08620689655172409
2020-07-02,8480,9160,8460,8620,454391,0.01650943396226423
2020-07-03,8670,9290,8550,8870,511826,0.029002320185614883
2020-07-06,8890,9240,8780,8970,229756,0.011273957158962844
2020-07-07,8970,9030,8710,8750,100762,-0.024526198439241864
2020-07-08,8750,9060,8730,8820,97924,0.008000000000000007
2020-07-09,8900,8900,8660,8690,66594,-0.01473922902494329
2020-07-10,8690,8700,8470,8520,70286,-0.019562715765247374
2020-07-13,8660,8900,8510,8690,95553,0.0199530516431925
2020-07-14,8610,8690,8510,8640,38121,-0.005753739930955071
2020-07-15,8750,8750,8570,8600,45278,-0.00462962962962965
2020-07-16,8660,9060,8580,8770,220831,0.019767441860465196
2020-07-17,8850,8850,8680,8710,52095,-0.0068415051311288
2020-07-20,8730,8760,8540,8640,47783,-0.008036739380022917
2020-07-21,8680,8840,8650,8720,80319,0.0092592592592593
2020-07-22,8760,8800,8540,8570,83281,-0.017201834862385357
2020-07-23,8580,8580,8420,8480,97686,-0.010501750291715295
2020-07-24,8400,8550,8320,8330,62483,-0.017688679245283057
2020-07-27,8270,8390,8260,8350,61978,0.0024009603841537164
2020-07-28,8360,8430,8240,8310,81896,-0.004790419161676662
2020-07-29,8300,8330,8100,8150,97119,-0.019253910950661868
2020-07-30,8190,8380,8150,8220,117938,0.008588957055214674
2020-07-31,8270,8460,8210,8330,130565,0.01338199513381988
2020-08-03,8370,8370,8060,8100,76634,-0.027611044417767072
2020-08-04,8150,8240,8090,8170,80216,0.00864197530864197
2020-08-05,8170,8320,8130,8180,66305,0.001223990208078396
2020-08-06,8190,8240,8140,8150,48625,-0.003667481662591676
2020-08-07,8150,8350,8080,8120,158397,-0.0036809815950920033
2020-08-10,8150,8150,7990,8060,102213,-0.007389162561576401
2020-08-11,8110,8270,8080,8180,120478,0.014888337468982549
2020-08-12,8250,8500,8180,8330,225973,0.01833740831295838
2020-08-13,8670,8690,8360,8490,232076,0.019207683073229287
2020-08-14,8580,8910,8500,8670,364417,0.021201413427561766
2020-08-18,8530,8580,7970,7980,157958,-0.07958477508650519
2020-08-19,8090,8450,7930,8250,165678,0.03383458646616533
2020-08-20,8280,8320,7800,8000,129215,-0.030303030303030276
2020-08-21,8060,8180,7840,7960,83655,-0.0050000000000000044
2020-08-24,7950,7950,7700,7850,58403,-0.013819095477386911
2020-08-25,7860,8000,7860,7980,27863,0.016560509554140124
2020-08-26,8000,8000,7770,7850,56978,-0.016290726817042578
2020-08-27,7880,7880,7700,7700,92362,-0.019108280254777066
2020-08-28,7730,7800,7610,7660,81975,-0.0051948051948051965
2020-08-31,7700,7770,7580,7600,63847,-0.007832898172323799
2020-09-01,7680,7680,7500,7570,91582,-0.003947368421052588
2020-09-02,7580,7890,7570,7720,85290,0.01981505944517825
2020-09-03,7780,7820,7700,7800,54010,0.010362694300518172
2020-09-04,7560,7700,7510,7690,49701,-0.014102564102564052
2020-09-07,7720,7790,7640,7750,55768,0.007802340702210753
2020-09-08,7790,7880,7700,7800,88237,0.006451612903225712
2020-09-09,7710,7720,7620,7690,52319,-0.014102564102564052
2020-09-10,7760,7760,7630,7700,31088,0.0013003901170351995
2020-09-11,7690,7690,7590,7690,24316,-0.0012987012987012436
2020-09-14,7690,7810,7660,7780,65476,0.011703511053315907
2020-09-15,7790,7880,7740,7780,37838,0.0
2020-09-16,7830,7980,7780,7880,140065,0.01285347043701801
2020-09-17,7880,7930,7710,7730,55499,-0.019035532994923887
2020-09-18,7730,7780,7630,7670,45447,-0.0077619663648124115
2020-09-21,7750,7750,7510,7510,58419,-0.020860495436766602
2020-09-22,7440,7510,7200,7210,81337,-0.039946737683089206
2020-09-23,7230,7360,7090,7230,38130,0.00277392510402219
2020-09-24,7170,7180,7020,7100,46076,-0.017980636237897696
2020-09-25,7060,7150,7010,7070,24969,-0.004225352112676051
2020-09-28,7310,7400,7220,7280,24961,0.02970297029702973
2020-09-29,7300,7500,7300,7490,71244,0.028846153846153744
2020-10-05,7480,7580,7380,7570,27483,0.010680907877169465
2020-10-06,7500,7600,7430,7570,31302,0.0
2020-10-07,7570,7570,7470,7560,25224,-0.0013210039630119352
2020-10-08,7560,7600,7470,7550,40576,-0.001322751322751281
2020-10-12,7610,7870,7590,7830,159754,0.03708609271523189
2020-10-13,8100,8600,7660,7750,212205,-0.010217113665389577
2020-10-14,7840,7840,7670,7720,55934,-0.003870967741935516
2020-10-15,7730,7750,7440,7510,66997,-0.02720207253886009
2020-10-16,7550,7610,7270,7400,68450,-0.01464713715046606
2020-10-19,7400,7630,7350,7560,58416,0.021621621621621623
2020-10-20,7480,7570,7370,7470,36388,-0.011904761904761862
2020-10-21,7430,7620,7430,7620,41986,0.02008032128514059
2020-10-22,7620,7620,7400,7440,33754,-0.023622047244094446
2020-10-23,7470,7580,7420,7470,21010,0.0040322580645162365
2020-10-26,7500,7540,7200,7280,52776,-0.025435073627844695
2020-10-27,7140,7330,7140,7250,18668,-0.004120879120879106
2020-10-28,7180,7350,7180,7350,52006,0.01379310344827589
2020-10-29,7260,7380,7130,7340,53880,-0.0013605442176870541
2020-10-30,7300,7380,7150,7240,16195,-0.013623978201634857
2020-11-02,7220,7330,7140,7240,14323,0.0
2020-11-03,7320,7350,7160,7310,29955,0.00966850828729271
2020-11-04,7410,7470,7330,7430,53058,0.01641586867305067
2020-11-05,7430,7500,7410,7440,108872,0.0013458950201883368
2020-11-06,7450,7500,7190,7290,89432,-0.020161290322580627
2020-11-09,7330,7580,7290,7530,59149,0.03292181069958855
2020-11-10,7700,7830,7590,7750,148011,0.02921646746347939
2020-11-11,7700,7800,7570,7740,125167,-0.001290322580645209
2020-11-12,7800,7890,7510,7750,130558,0.0012919896640826156
2020-11-13,7880,7920,7640,7750,99104,0.0
2020-11-16,7800,7800,7630,7640,84101,-0.014193548387096744
2020-11-17,7590,7890,7590,7730,109081,0.011780104712041828
2020-11-18,7770,7780,7630,7700,39367,-0.0038809831824062613
2020-11-19,7680,7690,7580,7660,37987,-0.0051948051948051965
2020-11-20,7780,8170,7750,8150,456987,0.06396866840731064
2020-11-23,8120,8340,8060,8310,259468,0.019631901840490906
2020-11-24,8400,8400,8180,8320,159196,0.001203369434416457
2020-11-25,8380,8380,7990,8070,153128,-0.030048076923076872
2020-11-26,8100,8140,7970,8000,97896,-0.008674101610904539
2020-11-27,8000,8000,7700,7790,118374,-0.026249999999999996
2020-11-30,7790,7800,7560,7590,126237,-0.025673940949935803
2020-12-01,7570,7720,7570,7700,56562,0.01449275362318847
2020-12-02,7680,7900,7630,7900,72852,0.025974025974025983
2020-12-03,7940,7950,7770,7850,59927,-0.006329113924050667
2020-12-04,7860,8160,7860,8020,197223,0.021656050955414008
2020-12-07,8050,8050,7740,7780,99775,-0.029925187032418976
2020-12-08,7740,7840,7720,7770,35717,-0.0012853470437017567
2020-12-09,7830,8240,7800,8080,195112,0.039897039897039965
2020-12-10,8080,8160,7950,8110,87696,0.003712871287128605
2020-12-11,8180,8240,8090,8140,128592,0.0036991368680641123
2020-12-14,8080,8080,7910,7910,89047,-0.02825552825552824
2020-12-15,8000,8000,7750,7810,64855,-0.012642225031605614
2020-12-16,7810,7950,7780,7810,43040,0.0
2020-12-17,7810,7900,7710,7770,44680,-0.005121638924455829
2020-12-18,7780,7850,7730,7760,38895,-0.0012870012870013214
2020-12-21,7770,7770,7630,7670,40374,-0.011597938144329856
2020-12-22,7670,7690,7480,7550,74978,-0.01564537157757495
2020-12-23,7560,7560,7310,7390,94433,-0.021192052980132492
2020-12-24,7390,7440,7300,7420,89230,0.004059539918809252
2020-12-28,7330,7420,7220,7250,49972,-0.022911051212938016
2020-12-29,7250,7370,7250,7280,34722,0.004137931034482678
2020-12-30,7280,7430,7260,7400,35030,0.016483516483516425
2021-01-04,7480,7480,7330,7370,33491,-0.004054054054054013
2021-01-05,7350,7440,7250,7400,83707,0.004070556309362372
2021-01-06,7400,7460,7350,7370,47773,-0.004054054054054013
2021-01-07,7440,7460,7350,7360,88766,-0.0013568521031207537
2021-01-08,7380,7430,7310,7360,63171,0.0
2021-01-11,7360,7380,7140,7160,123307,-0.02717391304347827
2021-01-12,7330,7460,7260,7400,109330,0.033519553072625774
2021-01-13,7530,7860,7470,7850,328255,0.060810810810810745
2021-01-14,7930,7950,7760,7800,200309,-0.006369426751592355
2021-01-15,7800,8400,7780,7830,577231,0.0038461538461538325
2021-01-18,7800,7810,7450,7450,209439,-0.048531289910600295
2021-01-19,7540,7640,7390,7550,117341,0.01342281879194629
2021-01-20,7620,7650,7470,7560,84608,0.0013245033112583293
2021-01-21,7620,7850,7600,7700,199009,0.0185185185185186
2021-01-22,7800,8210,7680,8190,596736,0.06363636363636371
2021-01-25,8210,8320,8020,8160,466690,-0.00366300366300365
2021-01-26,8230,8250,7930,7930,199802,-0.028186274509803932
2021-01-27,8150,8350,8000,8000,432270,0.008827238335435084
2021-01-28,7780,7940,7700,7880,142735,-0.015000000000000013
2021-01-29,7910,7950,7470,7570,145374,-0.03934010152284262
2021-02-01,7430,7640,7370,7560,80097,-0.0013210039630119352
2021-02-02,7620,7780,7560,7660,67073,0.013227513227513255
2021-02-03,7750,7780,7600,7630,66916,-0.003916449086161844
2021-02-04,7630,7770,7510,7550,87795,-0.010484927916120546
2021-02-05,7600,7670,7570,7630,56332,0.01059602649006619
2021-02-08,7700,8010,7570,7940,167084,0.04062909567496731
2021-02-09,8060,8060,7800,7810,73369,-0.016372795969773257
2021-02-10,7810,7910,7770,7900,50840,0.011523687580025532
2021-02-15,8060,8060,7850,7880,74602,-0.0025316455696202667
2021-02-16,7900,7950,7820,7890,61133,0.0012690355329949554
2021-02-17,7960,7960,7800,7900,51975,0.0012674271229404788
2021-02-18,7900,8330,7850,8080,425992,0.022784810126582178
2021-02-19,8120,8140,7850,7960,171028,-0.014851485148514865
2021-02-22,7960,8050,7800,7800,103272,-0.02010050251256279
2021-02-23,7800,7970,7700,7900,101369,0.012820512820512775
2021-02-24,7900,8090,7750,7760,152387,-0.017721518987341756
2021-02-25,7890,8000,7840,7950,81113,0.02448453608247414
2021-02-26,7820,7840,7670,7710,132699,-0.030188679245283012
2021-03-02,7790,8130,7790,7960,180481,0.03242542153048
2021-03-03,7960,8160,7870,8130,159290,0.021356783919598055
2021-03-04,8080,8190,7990,8140,112982,0.0012300123001229846
2021-03-05,8080,8080,7940,8000,93874,-0.017199017199017175
2021-03-08,8020,8120,7830,7830,110252,-0.02124999999999999
2021-03-09,7780,8130,7620,7800,99383,-0.003831417624521105
2021-03-10,7880,7920,7700,7700,42672,-0.012820512820512775
2021-03-11,7700,7770,7580,7740,70145,0.0051948051948051965
2021-03-12,7740,8000,7720,7900,95161,0.02067183462532296
2021-03-15,7940,7950,7820,7850,55407,-0.006329113924050667
2021-03-16,7870,7970,7850,7900,66835,0.006369426751592355
2021-03-17,7920,7950,7800,7870,65483,-0.0037974683544304
2021-03-18,7820,7880,7800,7820,48018,-0.006353240152477735
2021-03-19,7750,7850,7680,7730,80467,-0.011508951406649648
2021-03-22,7830,7830,7670,7730,54584,0.0
2021-03-23,7720,7750,7350,7380,207910,-0.04527813712807249
2021-03-24,7450,7580,7420,7520,61363,0.01897018970189701
2021-03-25,7520,7610,7430,7490,52575,-0.003989361702127714
2021-03-26,7450,7520,7430,7490,40038,0.0
2021-03-29,7510,7510,7340,7430,65341,-0.008010680907877155
2021-03-30,7390,7500,7390,7490,37000,0.008075370121130465
2021-03-31,7440,7530,7440,7440,28867,-0.006675567423230944
2021-04-01,7560,7640,7480,7580,67882,0.018817204301075252
2021-04-02,7590,7650,7490,7550,40613,-0.00395778364116095
2021-04-05,7540,7610,7480,7490,33909,-0.007947019867549643
2021-04-06,7470,7550,7450,7510,39141,0.002670226969292422
2021-04-07,7510,7580,7480,7510,32815,0.0
2021-04-08,7570,7570,7440,7550,36860,0.005326231691078487
2021-04-09,7510,7610,7500,7560,40013,0.0013245033112583293
2021-04-12,7540,7550,7460,7510,48464,-0.006613756613756627
2021-04-13,7530,7630,7460,7590,57935,0.010652463382157196
2021-04-14,7590,7590,7470,7560,85309,-0.0039525691699604515
2021-04-15,7560,7570,7480,7510,41570,-0.006613756613756627
2021-04-16,7510,7550,7490,7540,38772,0.003994673768308976
2021-04-19,7490,7590,7490,7520,56705,-0.0026525198938992522
2021-04-20,7520,7680,7520,7660,84965,0.018617021276595702
2021-04-21,7630,7630,7540,7550,78938,-0.01436031331592691
2021-04-22,7620,7620,7530,7530,33332,-0.0026490066225165476
2021-04-23,7500,7540,7440,7480,66296,-0.006640106241699861
2021-04-26,7480,7550,7450,7530,33311,0.006684491978609541
2021-04-27,7530,7530,7470,7490,49184,-0.005312084993359889
2021-04-28,7500,7670,7450,7490,88177,0.0
2021-04-29,7490,7550,7310,7380,83093,-0.014686248331108098
2021-04-30,7380,7450,7310,7390,73910,0.0013550135501354532
2021-05-03,7320,7510,7310,7350,55102,-0.005412719891745632
2021-05-04,7370,7460,7310,7460,62104,0.014965986394557929
2021-05-06,7450,7490,7410,7450,42507,-0.0013404825737265424
2021-05-07,7450,7500,7380,7450,64054,0.0
2021-05-10,7450,7580,7410,7570,75817,0.016107382550335503
2021-05-11,7560,7940,7520,7940,326293,0.04887714663143994
2021-05-12,8070,8080,7780,7930,293964,-0.0012594458438287548
2021-05-13,7790,8060,7780,7820,125479,-0.013871374527112179
2021-05-14,7840,7940,7710,7860,75172,0.005115089514066584
2021-05-17,7950,8310,7900,8200,513797,0.04325699745547085
2021-05-18,8200,8330,7980,8140,144606,-0.007317073170731714
2021-05-20,8120,8290,7950,8280,156904,0.017199017199017286
2021-05-21,8270,8280,8020,8100,143823,-0.021739130434782594
2021-05-24,8060,8100,7800,7880,120330,-0.02716049382716046
2021-05-25,7820,8120,7820,8060,111757,0.02284263959390853
2021-05-26,8060,8640,8010,8500,482757,0.05459057071960305
2021-05-27,8620,8950,8500,8720,708094,0.025882352941176467
2021-05-28,8800,8880,8480,8730,224390,0.0011467889908256534
2021-05-31,8940,9150,8810,9030,360156,0.03436426116838498
2021-06-01,9030,9090,8640,8960,279373,-0.007751937984496138
2021-06-02,8960,9180,8750,9140,383781,0.02008928571428581
2021-06-03,9200,9250,8960,9070,192535,-0.007658643326039383
2021-06-04,9100,9100,8820,8940,130432,-0.01433296582138921
2021-06-07,8970,8990,8700,8880,130167,-0.006711409395973145
2021-06-08,8890,9150,8850,8910,174634,0.0033783783783782884
2021-06-09,8930,9090,8760,8830,115181,-0.008978675645342271
2021-06-10,8880,9630,8880,9460,889435,0.07134767836919598
2021-06-11,9600,9620,9260,9370,308780,-0.009513742071881603
2021-06-14,9400,10000,9350,9950,624816,0.06189967982924216
2021-06-15,9830,10650,9830,10400,687052,0.045226130653266416
2021-06-16,10400,10500,9990,10250,308496,-0.014423076923076872
2021-06-17,10250,11550,10250,11050,1338122,0.07804878048780495
2021-06-18,10900,12500,10750,12300,1121314,0.1131221719457014
2021-06-21,12300,13000,11550,12150,864392,-0.012195121951219523
2021-06-22,12150,12800,11800,12200,390815,0.004115226337448652
2021-06-23,12050,12300,11500,11750,523710,-0.03688524590163933
2021-06-24,11800,11800,10300,10700,1044595,-0.08936170212765959
2021-06-25,10750,11800,10600,11400,651791,0.06542056074766345
2021-06-28,11200,11200,9910,10200,1220691,-0.10526315789473684
2021-06-29,10250,10300,9890,10100,489790,-0.009803921568627416
2021-06-30,10100,10200,9960,10200,119785,0.00990099009900991
2021-07-01,10250,10250,9870,9930,187900,-0.026470588235294135
2021-07-02,9910,10050,9720,9770,144635,-0.01611278952668682
2021-07-05,9770,9770,9350,9400,459874,-0.03787103377686796
2021-07-06,9500,9780,9450,9670,234627,0.02872340425531905
2021-07-07,9620,9650,9340,9400,220304,-0.02792140641158225
2021-07-08,9310,9680,8950,9050,492827,-0.037234042553191515
2021-07-09,8970,9230,8850,9200,342298,0.016574585635359185
2021-07-12,9200,9440,9060,9330,191361,0.01413043478260878
2021-07-13,9330,9440,9290,9420,96973,0.009646302250803762
2021-07-14,9400,9400,9210,9240,76523,-0.019108280254777066
2021-07-15,9370,10250,9230,9650,649851,0.044372294372294396
2021-07-16,9700,9830,9570,9670,162958,0.002072538860103723
2021-07-19,9740,9740,9400,9460,146502,-0.02171664943123064
2021-07-20,9260,9450,9180,9300,110413,-0.016913319238900604
2021-07-21,9300,9350,9140,9200,78590,-0.010752688172043001
2021-07-22,9190,9400,9190,9280,46341,0.008695652173912993
2021-07-23,9360,9380,9250,9270,63191,-0.0010775862068965747
2021-07-26,9270,9270,9000,9000,101461,-0.029126213592232997
2021-07-27,9060,9230,9060,9190,36588,0.02111111111111108
2021-07-28,9150,9200,9060,9070,35508,-0.01305767138193692
2021-07-29,9080,9180,9050,9070,27439,0.0
2021-07-30,9140,9140,8920,8960,48090,-0.012127894156560126
2021-08-02,8960,9000,8700,8750,111988,-0.0234375
2021-08-03,8750,8890,8600,8680,79010,-0.008000000000000007
2021-08-04,8700,8960,8650,8930,56977,0.02880184331797242
2021-08-05,8910,9070,8850,8990,39513,0.006718924972004547
2021-08-06,8990,9110,8970,9020,57426,0.0033370411568409697
2021-08-09,9090,9090,8820,8930,57136,-0.009977827050997812
2021-08-10,9000,9000,8670,8730,62290,-0.022396416573348232
2021-08-11,8730,8830,8540,8600,81209,-0.014891179839633395
2021-08-12,8670,8700,8440,8490,71859,-0.01279069767441865
2021-08-13,8530,8550,8130,8270,98291,-0.025912838633686652
2021-08-17,8320,8400,7850,7980,130847,-0.035066505441354257
2021-08-18,7880,8100,7870,8080,59615,0.012531328320801949
2021-08-19,7990,8080,7750,7800,87648,-0.034653465346534684
2021-08-20,7800,7980,7500,7550,118711,-0.03205128205128205
2021-08-23,7630,7850,7500,7840,50112,0.038410596026489996
2021-08-24,7940,8150,7860,8150,112053,0.039540816326530503
2021-08-25,8400,8400,8120,8200,51631,0.006134969325153339
2021-08-26,8300,8350,8120,8220,41843,0.0024390243902439046
2021-08-27,8530,8530,8170,8490,108152,0.03284671532846706
2021-08-30,8610,8610,8420,8530,47809,0.004711425206124886
2021-08-31,8530,8610,8430,8580,21034,0.0058616647127784915
2021-09-01,8620,9000,8450,8650,90381,0.008158508158508049
2021-09-02,8790,8790,8540,8610,16453,-0.0046242774566473965
2021-09-03,8690,8690,8480,8540,31479,-0.008130081300813052
2021-09-06,8630,8630,8400,8540,50657,0.0
2021-09-07,8600,8800,8560,8740,76183,0.023419203747072626
2021-09-08,8800,8800,8540,8550,56988,-0.021739130434782594
2021-09-09,8420,8530,8210,8240,63217,-0.03625730994152043
2021-09-10,8190,8400,8140,8330,26389,0.010922330097087318
2021-09-13,8300,8330,8080,8140,35189,-0.02280912364945975
2021-09-14,8090,8260,8060,8080,60510,-0.0073710073710073765
2021-09-15,8000,8100,7960,8060,50957,-0.0024752475247524774
2021-09-16,8060,8060,7990,7990,24953,-0.008684863523573227
2021-09-17,7990,8040,7850,7870,33904,-0.015018773466833557
2021-09-23,7800,7860,7680,7820,57691,-0.006353240152477735
2021-09-24,7820,8040,7810,7940,44136,0.01534526854219953
2021-09-27,7940,8090,7870,8000,77951,0.007556675062972307
2021-09-28,8000,8100,7820,7870,58902,-0.016249999999999987
2021-09-29,7780,7950,7680,7850,151863,-0.0025412960609910717
2021-09-30,7860,8180,7850,8170,177624,0.040764331210191074
